group	spec	rule	class	reg	v1_citation	v1_behaviour	v2_now	owning_plan	plan_change	reason
G1	02-seasons	R5	REVERT	REG-57	src/lib/season-actions.ts:76-83	A taken code returns 'A season with that code already exists.' plus a field error 'Already in use.' shown under the Code input.	apps/backend/src/routes/seasons.ts:148-149 answers 409 code_taken; mobile index.tsx:57 and [code]/edit.tsx show only a generic message line under the form.	plan-03 Error codes paragraph (L53-57); plan-03 Revision note (L2114-2115)	Keep the 409 but add details.fieldErrors {code:'Already in use.'} to the code_taken response (seasons.ts:147-148 codeTaken helper) and have NewSeasonForm (apps/mobile/app/(app)/seasons/index.tsx:57), the duplicate form (:104) and the SUPER edit screen render it as the Code field's error alongside v1's top message; plan-03 L53-57 must say the code clash is a field-level error on code, as v1.	-
G1	02-seasons	R9	ALREADY-V1	-	-	Create form auto-fills code from program+year until the code is edited; off in edit mode.	apps/mobile/app/(app)/seasons/index.tsx:34-49 auto-fills code via autoSeasonCode until codeTouched; edit.tsx:96 shows no auto-fill (v1 edit mode also has none).	-	-	HEAD index.tsx:34-49 implements v1 season-form.tsx:97-105.
G1	02-seasons	R21	KEEP-FIX	-	src/lib/season-actions.ts:85-99	Create silently discards the absence budget/weight the operator typed on the form and applies DB defaults 180/90.	apps/backend/src/routes/seasons.ts:162-163 persists both fields on create.	plan-03 Task 3 (L253, L610)	-	Data loss: v1's form (season-form.tsx:45-46,90-91) collects both values and the action drops them (spec 02 D1). Note: v2's mobile create form (index.tsx:62-73) does not show the two inputs at all - v1's form does, so the form should gain them (REVERT-level UI gap outside this row).
G1	02-seasons	R24	REVERT	-	src/app/super/seasons/page.tsx:20; src/app/admin/season/page.tsx:28	Season lists are ordered status asc (DRAFT, ACTIVE, COMPLETED, ARCHIVED) then startDate desc.	apps/backend/src/routes/seasons.ts:80 orders year desc then title asc.	2026-08-20-space-v2-api-port.md seasons list handler (L1319)	Change seasons.ts:80 orderBy to [{status:'asc'},{startDate:'desc'}]; the mobile client grouping must then preserve that order within each program (see R43).	-
G1	02-seasons	R27	REVERT	REG-13	src/app/student/season/page.tsx:40-51	A student whose active season was soft-deleted still sees it fully on Current season.	apps/backend/src/lib/queries/me.ts:134-139 filters deletedAt null and returns null (no-season state).	plan-11 Decision 4 (L103); plan-11 Task code L1370	Drop deletedAt:null from loadMySeason (me.ts:136) and from the /me attendance read REG-13 also names; plan-11 Decision 4 must say soft-deleted seasons stay visible on the student surfaces as in v1. Cancel REG-13.	-
G1	02-seasons	R31	KEEP-FIX	-	src/app/student/season/page.tsx:63-64	Student's group is read from global GroupStudent, so it can show a group from a different season than the active one.	apps/backend/src/lib/queries/me.ts:142-160 resolves the group through SeasonEnrollment for the active season.	-	-	C9: GroupStudent is not season-aware; v1 shows the wrong season's group (provably wrong value).
G1	02-seasons	R32	KEEP-FIX	REG-21	src/lib/enrollment-actions.ts:50-66	Graduation completes only the enrolment matching activeSeasonId; any other ACTIVE enrolment stays ACTIVE forever.	apps/backend/src/routes/students.ts:447-453 completes every ACTIVE enrolment and clears activeSeasonId.	-	-	Data inconsistency: a graduated alumnus keeps ACTIVE enrolments and stays on other seasons' rosters with no path to close them (spec 06 R48).
G1	02-seasons	R38	REVERT	REG-13	src/lib/season-history-query.ts:22-32	Season history includes soft-deleted seasons the student was enrolled in.	apps/backend/src/lib/queries/me.ts:48 filters season deletedAt null.	plan-11 Decision 4 (L103); plan-11 Task code L1283, test L1097	Remove season:{deletedAt:null} at me.ts:48 and the 'not a deleted one' test (plan-11 L1097); history shows deleted seasons as v1. Cancel REG-13.	-
G1	02-seasons	R43	REVERT	REG-54	src/components/seasons/seasons-list.tsx:112-123	Season list is grouped under program headings (alphabetical), seasons within a program by year desc.	apps/mobile/app/(app)/seasons/index.tsx:204-236 groups by year headings with a program filter chip row.	plan-06 Task 6 program filter (L3193, L3476); plan-04 Task 3 year grouping; plan-18 page map L688-689	Render /seasons grouped by program heading (localeCompare), rows within each program sorted year desc, as v1; the program heading links to the by-program view (R45). Rewrite plan-06 Task 6 and cancel REG-54.	-
G1	02-seasons	R45	REVERT	REG-54	src/app/super/seasons/program/[program]/page.tsx:40; src/app/super/seasons/year/[year]/page.tsx:41	SUPER has by-program and by-year season pages that return Not Found when the filter matches no seasons.	No route; apps/mobile/app/(app)/seasons/index.tsx:174-177 is a client filter that only offers existing programs.	plan-06 Task 6 (L3193, L3476); plan-18 page map L688-689 (REG-54)	Add SUPER screens (app)/seasons/program/[program].tsx and (app)/seasons/year/[year].tsx (exact-string program match, R44) that show a not-found state when empty, as v1. Cancel REG-54.	-
G1	02-seasons	R46	REVERT	REG-54	src/app/super/seasons/year/[year]/page.tsx:23-24	By-year page 404s a non-integer year but accepts any integer year.	No by-year route; year is only a heading at apps/mobile/app/(app)/seasons/index.tsx:208,227-229.	plan-04 Task 3 year grouping; plan-18 page map L689 (REG-54)	Build (app)/seasons/year/[year].tsx: non-integer -> not-found, any integer accepted, list filtered by year.	-
G1	02-seasons	R47	REVERT	REG-54	src/app/super/seasons/program/[program]/page.tsx:27; src/app/super/seasons/year/[year]/page.tsx:27	By-program lists year desc; by-year lists program asc (then client regroups by program).	apps/mobile/app/(app)/seasons/index.tsx:178-206 has one list, year desc.	plan-06 Task 6 (L3476); plan-04 Task 3	By-program screen sorts year desc; by-year screen sorts program asc and regroups by program as v1's SeasonsList.	-
G1	02-seasons	R49	REVERT	REG-56	src/lib/season-actions.ts:163-177	Delete soft-deletes after one confirm dialog, whatever the season contains.	apps/backend/src/routes/seasons.ts:252-263 refuses 409 season_in_use while any enrolment or session exists.	plan-03 Revision note (L2109-2111); plan-03 OpenAPI L961; plan-03 test L714	Remove the enrollments/sessions count and the season_in_use refusal at seasons.ts:252-263 and the plan-03 test at L714; keep the confirm step with v1's delete-season-button.tsx:34 copy. Cancel REG-56.	-
G1	02-seasons	R51	REVERT	REG-56	src/lib/season-actions.ts:169-172	Soft delete touches only the season row; students' activeSeasonId still points at it (so R27 keeps showing it) and SeasonAdmin rows remain.	apps/backend/src/routes/seasons.ts:265-267 clears StudentProfile.activeSeasonId in the delete transaction; SeasonAdmin rows kept (matches v1).	plan-03 Revision note (L2110-2111); plan-03 OpenAPI L961	Delete only sets deletedAt/updatedById (drop the studentProfile.updateMany at seasons.ts:265-267), consistent with reverting R27 so students keep seeing their season.	-
G1	02-seasons	R65	KEEP-FIX	-	src/lib/season-actions.ts:316	Duplicate copies recurrenceGroupId, so a series edit/delete in one season rewrites sessions in the other.	apps/backend/src/routes/seasons.ts:351-372 mints a fresh recurrence id per cloned series.	-	-	C10: cross-season data corruption and privilege escalation.
G1	02-seasons	R66	REVERT	-	src/lib/season-actions.ts:210-211	Duplicate's source lookup has no deletedAt filter.	apps/backend/src/routes/seasons.ts:285-286 requires deletedAt null and 404s a deleted source.	plan-03 Task 3 duplicate 'Diverges (2)' (L990); plan-03 test L1129; code L1167	Drop deletedAt:null from the source findFirst (seasons.ts:286) and the plan-03 L1129 test; plan-03 L990 lists only (1) fresh recurrence ids and (3) P2002 race as divergences.	-
G1	02-seasons	R69	ALREADY-V1	-	-	Duplicate dialog defaults year+1, dates +1 year, code auto-filled until edited.	apps/mobile/app/(app)/seasons/index.tsx:80-96 sets year+1, addYearsIso(+1) dates and autoSeasonCode until codeTouched.	-	-	HEAD index.tsx:80-96 implements v1 duplicate-season-dialog.tsx:63-87.
G1	02-seasons	R74	KEEP-FIX	-	src/lib/seasons-query.ts:35-55	Detail returns all groups (names, leaders, counts) to any role; in v1 only SUPER/ADMIN pages render it.	apps/backend/src/lib/queries/seasons.ts:47-48 narrows groups to the student's own group.	-	-	C8 (narrow the payload): v1 students never reached loadSeasonByCode; v2's endpoint is open to students so it must not hand them other groups' leaders. (Filter uses GroupStudent; C9 says it should be SeasonEnrollment.)
G1	02-seasons	R75	ALREADY-V1	-	-	An ADMIN with exactly one season is redirected into it.	apps/mobile/app/(app)/season.tsx:16-28 sends an ADMIN with one scoped season straight into it (test season-screens.test.tsx:184, REG-72).	-	-	HEAD season.tsx:28 implements v1 admin/season/page.tsx:42.
G1	03-sessions	R3	KEEP-FIX	-	src/lib/session-actions.ts:22	Start is any string a JS Date parses, read in the server's zone when it carries no offset.	apps/backend/src/routes/sessions.ts:49-55 takes an ISO instant or org day+time and composes it in ORG_TIMEZONE.	-	-	C2/X13: a zone-less string becomes a different instant depending on host zone; v2's accepted forms are the timezone fix, not a new user rule.
G1	03-sessions	R9	REVERT	REG-94	src/lib/session-actions.ts:53	repeatWeeks is clamped to 1-26 silently; absent means 1.	packages/shared/src/session.ts:143 is min(1).max(26), so 27+ is a 400.	plan-03 Task 4 schema (L328-329), test L157, OpenAPI L1500	Replace .min(1).max(26) with a transform that clamps to 1..26 (session.ts:143) and change the plan-03 L157 test to 'clamps'; cancel REG-94.	-
G1	03-sessions	R13	KEEP-FIX	-	src/lib/recurrence.ts:1,11	Weekly occurrences are spaced with addDays in the server's local zone.	apps/backend/src/lib/org-time.ts:84-87 steps calendar weeks in the org zone.	-	-	C2/X13: spacing in the host's incidental zone shifts wall-clock across DST when host and org zones differ.
G1	03-sessions	R14	REVERT	REG-94	src/lib/recurrence.ts:10	A count below 1 yields a single occurrence.	packages/shared/src/session.ts:143 min(1) refuses 0 or negative with 400.	plan-03 Task 4 schema (L328-329), test L157	Clamp counts below 1 to 1 in the same transform (session.ts:143); cancel REG-94.	-
G1	03-sessions	R22	ALREADY-V1	-	-	In-person or online, never both: the form nulls the other field.	apps/mobile/src/components/SessionForm.tsx:50-51,86-99 has a Session type choice and sends only the matching field.	-	-	HEAD SessionForm.tsx:50-51 nulls youtubeUrl/location by type as v1 session-form.tsx:118-119.
G1	03-sessions	R23	ALREADY-V1	-	-	Session type is not stored; on edit it is online iff youtubeUrl is set.	apps/mobile/src/components/SessionForm.tsx:56-57 sessionTypeFor derives it from youtubeUrl.	-	-	HEAD SessionForm.tsx:57 matches v1 session-form.tsx:98.
G1	03-sessions	R24	ALREADY-V1	-	-	New session defaults to 18:00 and 90 minutes.	apps/mobile/src/components/SessionForm.tsx:25-34 defaults time 18:00, duration 90.	-	-	HEAD SessionForm.tsx:28-29.
G1	03-sessions	R25	ALREADY-V1	-	-	Start time picked in 15-minute steps.	apps/mobile/src/components/TimePicker.tsx:7-9 MINUTE_STEP 15 with quarter-hour minutes.	-	-	HEAD TimePicker.tsx:7-9.
G1	03-sessions	R26	KEEP-FIX	-	src/components/sessions/session-form.tsx:48-52,112	Date and time are combined in the author's browser zone.	apps/mobile/src/components/SessionForm.tsx:44-53 sends org day+time; server composes the instant.	-	-	C2: authoring in each device's zone gives different instants for the same typed time.
G1	03-sessions	R27	KEEP-FIX	-	src/components/sessions/session-form.tsx:95	Edit pre-fills time from the viewer's local reading of startsAt.	apps/backend/src/routes/sessions.ts:303 returns orgWallTime used for pre-fill.	-	-	C2: a viewer in another zone sees and re-saves a shifted time (drift between users).
G1	03-sessions	R30	REVERT	-	src/components/sessions/session-form.tsx:125,138	Create goes to the season calendar; edit goes to the session's detail page.	apps/mobile/app/(app)/session/new.tsx:47 replaces to the new session's detail; edit.tsx:79 router.back() (returns to detail when opened from it).	plan-06 session create screen (L4599)	On create success router.replace to the season's calendar (the /calendar screen with that season selected, or the season workspace's calendar) instead of /session/[id] (new.tsx:47); edit: replace to /session/[id] rather than back() (edit.tsx:79).	-
G1	03-sessions	R33	KEEP-FIX	-	src/lib/session-actions.ts:111-114	Series siblings found by recurrenceGroupId alone, spanning seasons.	apps/backend/src/routes/sessions.ts:78-82 also filters seasonId of the anchor.	-	-	C10: cross-season rewrite of another season's sessions.
G1	03-sessions	R48	KEEP-FIX	-	src/lib/session-actions.ts:165-166	Notification quotes the new title and formats the new time with the server's toLocaleString.	apps/backend/src/routes/sessions.ts:376-385 same title, time formatted in org timezone.	-	-	C2: server-locale/zone time is a provably wrong time for recipients. Title wording already matches v1.
G1	03-sessions	R50	REVERT	REG-37	src/lib/notifications.ts:62-75	A user who turned off sessionRescheduled gets no notification at all (no in-app row, no email).	apps/backend/src/lib/notifications.ts:69-79 always writes the in-app row; the preference only suppresses email.	plan-13 Decision 1 'D4 channel split' (L88-91); plan-13 Task 2 Step 5 (L857, L875) and Step 8 (L1039)	Filter opted-out users before notification.createMany in createNotificationsBulk (notifications.ts:69) as v1; plan-13 drops the D4 split and keeps v1's opt-out integration case. Cancel REG-37.	-
G1	03-sessions	R54	KEEP-FIX	-	src/lib/session-actions.ts:196	Delete of a missing session returns silently.	apps/backend/src/routes/sessions.ts:398 returns 404 not_found.	-	-	C12: deleteSessionAction had no caller (R60); its behaviour never ran, v2's delete is a designed capability.
G1	03-sessions	R56	KEEP-FIX	-	src/lib/session-actions.ts:199-207	Delete's sibling selection is the unscoped recurrenceGroupId lookup.	apps/backend/src/routes/sessions.ts:408 uses season-fenced resolveSeriesTargets.	-	-	C10 (cross-season deletes) and C12 (dead action).
G1	03-sessions	R59	KEEP-FIX	REG-58	src/lib/session-actions.ts:211-213	Series delete has no confirmation or count and deletes straight away.	apps/backend/src/routes/sessions.ts:412-423 refuses has_student_records unless force; UI arms a confirm (edit.tsx:84-94).	-	-	C12: v1's delete never ran; plus cascading away attendance/video progress is data loss.
G1	03-sessions	R60	KEEP-FIX	-	src/lib/session-actions.ts:181	deleteSessionAction has no caller; v1 has no delete control.	apps/backend/src/routes/sessions.ts:389-434 designed delete with guard and UI.	-	-	C12: dead code is not a specification.
G1	03-sessions	R67	KEEP-FIX	-	src/app/api/v1/sessions/[id]/route.ts:59	v1's REST detail reports checkInOpen without the 3-hour expiry, disagreeing with its own pages.	apps/backend/src/lib/check-in.ts:1-30 one derivation incl. 3-hour expiry, used by detail (sessions.ts:319).	-	-	Provably wrong value: the API said open while redemption refused; v2 matches v1's pages (admin session page.tsx:50-53).
G1	03-sessions	R68	REVERT	REG-10	src/app/admin/season/[code]/sessions/[id]/page.tsx:58-60	QR encodes the full URL <AUTH_URL>/checkin/<token>, so a phone camera opens check-in directly.	apps/mobile/app/(app)/session/[id]/index.tsx:79 encodes the bare token; only the in-app scanner understands it.	plan-04 console QR (L1939); plan-06 (L4874); plan-11 Decision 8 / Step 4(c) (REG-10)	Encode <public base URL>/checkin/<token> in the QR (index.tsx:79, config-provided host) and un-defer REG-10: ship universal/app links for /checkin/* so the native camera opens the app's check-in screen; the in-app parser already accepts the URL form.	-
G1	03-sessions	R75	REVERT	-	src/lib/sessions-query.ts:64-81	SUPER calendar lists every session of every ACTIVE season, unbounded, with the check-in token for every non-student.	apps/backend/src/routes/sessions.ts:216-256 requires a window (default 8 weeks, max 120 days) and returns tokens only for seasons the caller administers.	plan-06 D-16.7 (L120-128)	Make the window optional: with no from/to return every session of the scoped seasons (drop the default 8-week window and 120-day cap at sessions.ts:222-240). Keep the token mask (sessions.ts:248) - see 04-attendance R44 KEEP-FIX; SUPER still receives tokens (R45).	-
G1	03-sessions	R76	KEEP-FIX	-	src/lib/sessions-query.ts:117-139	loadSessionById performs no authorization; callers gate separately.	apps/backend/src/routes/sessions.ts:285-298 gates with canAccessSeason / ACTIVE enrolment.	-	-	C8: an HTTP endpoint without a row gate leaks any session by id.
G1	03-sessions	R86	REVERT	-	src/app/admin/calendar/page.tsx:16-40	ADMIN calendar opens the newest ACTIVE season they administer (else newest any status) with no picker; 'No active season found' if none.	apps/mobile/app/(app)/calendar.tsx:294-314 AdminCalendar adds a SeasonSwitcher over all their seasons.	plan-06 D-16.16 (L156); plan-06 L3096	Remove the SeasonSwitcher from AdminCalendar (calendar.tsx:304); pick newest ACTIVE by startDate desc within seasonAdminIds, fall back to newest non-deleted; empty state text 'No active season found.'; render that season's full calendar (other seasons reached from their season workspace).	-
G1	03-sessions	R89	REVERT	REG-76	src/app/super/calendar/page.tsx:16,21-25; src/components/sessions/season-calendar.tsx:37-43,190-198	Five-colour season palette by first appearance; legend only when a colour map is supplied.	apps/mobile/src/components/calendar/CalendarEntries.tsx:26-36 palette restored; Legend (L163-171) also renders a Today/Upcoming/Past legend when there is no colour map.	none in plans (PR #18 REG-76 fix, CalendarEntries.tsx:163-171)	Legend returns null when slots is null (CalendarEntries.tsx:164-171).	-
G1	03-sessions	R92	REVERT	REG-41	src/app/student/calendar/page.tsx:31	ALUMNI_ONLY events appear on every calendar except the student one (alumni are students, so they do not see them).	apps/backend/src/lib/queries/events.ts:57-58 adds ALUMNI_ONLY for alumni.	plan-14 D-15.2 (L282, L7221)	Drop the isAlumnus(user) branch at events.ts:57 so STUDENT (incl. alumni) gets no ALUMNI_ONLY on the calendar; plan-14 D-15.2 removed (coordinate with spec 15 rows). Cancel REG-41.	 Coordinator 2026-10-09: ALUMNI_ONLY visibility kept per KEEP-FIX 19-R6 (REG-41); only labels/visuals revert.
G1	03-sessions	R93	ALREADY-V1	REG-75	-	Upcoming / Week / Month views, Upcoming default.	apps/mobile/app/(app)/calendar.tsx:68-72,95,138 view toggle defaulting to upcoming.	-	-	HEAD calendar.tsx:68-72,95 (REG-75 fixed).
G1	03-sessions	R94	ALREADY-V1	REG-75	-	Weeks start Monday.	apps/mobile/src/lib/calendar-grid.ts:7,36 Monday-first.	-	-	HEAD calendar-grid.ts:36.
G1	03-sessions	R95	ALREADY-V1	REG-75	-	Anchor month = first not-past session, else last, else current.	apps/mobile/app/(app)/calendar.tsx:78-82 initialAnchor for pinned calendars; range calendars anchor at today.	-	-	HEAD calendar.tsx:79-82 (range-sourced calendars anchor on today because they have no full list; restoring R75's unbounded list lets them use initialAnchor too).
G1	03-sessions	R97	KEEP-FIX	-	src/components/sessions/season-calendar.tsx:112-116	Sessions bucketed by the viewer's local date.	apps/mobile/src/lib/day-groups.ts:51-55 buckets by server org dayKey.	-	-	C2: different users see a session on different days.
G1	03-sessions	R98	REVERT	-	src/components/sessions/season-calendar.tsx:236,239,242,251	Agenda shows everything from the start of today onward; past only via Week/Month.	apps/mobile/app/(app)/calendar.tsx:200-247 range Upcoming view is an 8-week window with Earlier/Later paging (past reachable in the agenda).	plan-06 D-16.7 (L122, L128); plan-06 test L6136	Upcoming view requests from=org-midnight today with no upper bound and drops the Earlier/Later buttons (calendar.tsx:236-240); keep the org-day boundary (C2).	-
G1	03-sessions	R100	ALREADY-V1	REG-76	-	Day heading cue 'Today' / 'in N days'.	apps/mobile/app/(app)/calendar.tsx:49-58 dayCue from calendar-grid.ts:122-126.	-	-	HEAD calendar-grid.ts:122-126.
G1	03-sessions	R101	ALREADY-V1	REG-75	-	Month view dims out-of-month days to 40%.	apps/mobile/src/components/calendar/CalendarGrid.tsx:126 opacity 0.4 outside anchor month.	-	-	HEAD CalendarGrid.tsx:126.
G1	03-sessions	R102	ALREADY-V1	REG-76	-	Chip green today, muted past, teal otherwise; season palette overrides.	apps/mobile/src/components/calendar/CalendarEntries.tsx:39-58 toneTint/sessionTint with slot override.	-	-	HEAD CalendarEntries.tsx:55-58.
G1	03-sessions	R103	REVERT	REG-95; REG-79	src/app/super/calendar/page.tsx:36; src/app/admin/season/[code]/sessions/[id]/page.tsx:39-42	SUPER calendar opens the admin session page, where a SUPER gets the full check-in console (canEditSeason includes SUPER).	One /session/[id] route (fine); apps/mobile/app/(app)/session/[id]/index.tsx:239-242 hides the console from a SUPER who is not the season's admin.	none in plans (PR #18 REG-79 fix at index.tsx:239-242)	Remove the SUPER narrowing at index.tsx:241-242 (showConsole = data.canManageCheckIn) so a SUPER opening a session gets v1's admin session view; the single route itself is fine (route shape is not user-visible). Revisit REG-79 (it describes the season-detail console, not this page).	-
G1	03-sessions	R104	ALREADY-V1	REG-76	-	List badge Today / Attendance marked / pending / Upcoming.	apps/mobile/src/lib/calendar-grid.ts:135-140 sessionBadge used by CalendarEntries.tsx:84.	-	-	HEAD calendar-grid.ts:137-140.
G1	03-sessions	R106	KEEP-FIX	-	src/components/sessions/session-form.tsx:48-52; src/components/sessions/season-calendar.tsx (format)	Authored in admin's browser zone, rendered in each viewer's zone.	apps/backend/src/lib/org-time.ts:106-130 one org zone for authoring and rendering.	-	-	C2: timezone drift between users.
G1	03-sessions	R107	KEEP-FIX	-	src/lib/recurrence.ts:11	Recurrence spacing in server zone vs first occurrence in browser zone.	apps/backend/src/routes/sessions.ts:180-184 both in org zone.	-	-	C2.
G1	03-sessions	R108	KEEP-FIX	-	src/components/sessions/season-calendar.tsx:64-65,114,236,239; src/components/sessions/calendar-list.tsx:37-38	Client compares UTC instants against local dates; SSR and hydration can disagree.	apps/mobile/src/lib/day-groups.ts:51-55 uses server dayKey.	-	-	C2.
G1	04-attendance	R22	KEEP-FIX	-	src/lib/attendance-actions.ts:35-71	Leader page shows only their groups, but the save action accepts any student in the season.	apps/backend/src/routes/sessions.ts:476-489 refuses entries for students outside the leader's groups (via SeasonEnrollment).	-	-	C8: authorization hole - a leader could write any season student's attendance by id.
G1	04-attendance	R28	ALREADY-V1	-	-	Override uses the same canMarkAttendance gate as batch save.	apps/backend/src/routes/sessions.ts:466-470 one save path, same attendanceScopeFor gate.	-	-	HEAD sessions.ts:466-470: the gate the override had is the gate every save has.
G1	04-attendance	R29	ALREADY-V1	-	-	Override has the same three statuses and notes/lateMinutes bounds.	packages/shared/src/attendance.ts:6-13 single entry schema with v1's bounds.	-	-	HEAD attendance.ts:6-13.
G1	04-attendance	R30	ALREADY-V1	-	-	Override sets markedById/markedAt on create and update.	apps/backend/src/routes/sessions.ts:503-513 sets markedById on both, markedAt on update and DB default now() on create.	-	-	HEAD sessions.ts:503-513: identical stored values.
G1	04-attendance	R31	ALREADY-V1	-	-	Override never clears checkedInAt.	apps/backend/src/routes/sessions.ts:497-513 upsert never touches checkedInAt.	-	-	HEAD sessions.ts:497-513.
G1	04-attendance	R32	KEEP-FIX	-	src/components/sessions/check-in-attendance-list.tsx:62-72; src/lib/attendance-actions.ts:222-224	Every console override nulls the student's notes and destroys the scan-computed lateness (and its absence-budget minutes).	apps/mobile/src/lib/attendance-entries.ts:31 resends stored notes/lateMinutes so nothing is erased.	-	-	Data loss: notes and lateness wiped by a status tap. When the console override is restored (R98), it must keep notes/lateMinutes.
G1	04-attendance	R33	REVERT	-	src/lib/attendance-actions.ts:193-232	Marking one student from the check-in console never sends the low-attendance flag; the batch form does.	apps/backend/src/routes/sessions.ts:520-522 every save, any size, runs flagLowAttendance.	spec 04 D7 as adopted by the single save path (sessions.ts:518-522); plan-04 Task 5 (L1616) for the console	When the console override is restored (R98), its write must skip flagLowAttendance (e.g. a console-override flag on POST /sessions/:id/attendance, or a dedicated override route) while the batch attendance screen keeps flagging as v1 R15.	-
G1	04-attendance	R41	REVERT	REG-10	src/components/sessions/calendar-list.tsx:17; src/app/admin/season/[code]/sessions/[id]/page.tsx:58-60	QR payload is <AUTH_URL>/checkin/<token>.	apps/mobile/app/(app)/session/[id]/index.tsx:79 QR is the bare token; scanner accepts both (packages/shared attendance.ts:36).	plan-04 Task 5 console QR (L1939); plan-11 Decision 8 / Step 4(c) (REG-10)	Same change as 03-sessions R68: QR value <public base URL>/checkin/<token> and universal/app links for /checkin/*.	-
G1	04-attendance	R44	KEEP-FIX	-	src/app/leader/calendar/page.tsx:39	Leader calendar receives every open session's check-in token though the leader UI never shows it.	apps/backend/src/routes/sessions.ts:246-248 token only for seasons the caller administers, so leaders get none.	-	-	C8 narrow the payload: the token is a check-in credential sent to a role whose UI never uses it (no user-visible loss).
G1	04-attendance	R45	ALREADY-V1	-	-	SUPER calendar always includes the token.	apps/backend/src/routes/sessions.ts:248 masks by isAdminOfSeason, which is true for SUPER (apps/backend/src/lib/rbac.ts:33).	-	-	HEAD rbac.ts:33 + sessions.ts:248: SUPER gets every token, as v1.
G1	04-attendance	R51	ALREADY-V1	-	-	Every page computes open = openAt set, not closed, now-openAt < 3h.	apps/backend/src/lib/check-in.ts:28-36 one derivation, same expression, rendered as checkInOpen.	-	-	HEAD check-in.ts:28-36 gives the same answer v1's pages computed.
G1	04-attendance	R54	KEEP-FIX	-	src/app/api/v1/sessions/[id]/route.ts:59	v1 REST detail reports checkInOpen without the 3-hour rule.	apps/backend/src/routes/sessions.ts:319 uses isCheckInOpen with the 3-hour rule.	-	-	Provably wrong value: REST said open while check-in refused (spec 04 D8); v2 matches v1's pages.
G1	04-attendance	R55	ALREADY-V1	-	-	Three-hour rule as unnamed literals in six places.	apps/backend/src/lib/check-in.ts:14 one constant CHECK_IN_WINDOW_MS = 3h.	-	-	HEAD check-in.ts:14: same 3-hour value; the refactor has no behavioural difference.
G1	04-attendance	R56	ALREADY-V1	REG-04	-	Anonymous /checkin/[token] goes to login and back to the same token URL.	apps/mobile/app/checkin/[token].tsx:32-36 sends to login with returnTo and back to the token screen.	-	-	HEAD [token].tsx:32-36 (callbackUrl is the web mechanism; the user-visible round-trip is identical).
G1	04-attendance	R63	KEEP-FIX	REG-15	src/lib/attendance-actions.ts:148-151	Minutes late counted from when check-in was opened.	apps/backend/src/routes/sessions.ts:132-141 counts from session.startsAt.	-	-	C3: lateness from a button press is a provably wrong value.
G1	04-attendance	R69	KEEP-FIX	REG-14	src/app/checkin/[token]/page.tsx:22	Opening the check-in link checks the student in during render; a refresh re-runs it.	apps/mobile/app/checkin/[token].tsx:38-43 opening never writes; the Check in press does.	-	-	C6: a GET never writes.
G1	04-attendance	R71	KEEP-FIX	-	src/app/checkin/[token]/page.tsx:33-37	Success screen says 'after session start' but the number is minutes after check-in opened.	apps/mobile/src/lib/check-in-result.ts:27-33 same wording, now true since lateness is from start.	-	-	C3: v1's message stated a wrong value; the wording itself is kept.
G1	04-attendance	R72	KEEP-FIX	REG-14	src/components/sessions/student-checkin-button.tsx:26-37,44-51	In-app scanner accepts only a same-origin /checkin/<token> URL and navigates, letting the page's write-on-render check in.	apps/mobile/src/components/check-in/StudentCheckInCard.tsx:29-36 posts the scanned token directly.	-	-	C6: the navigate-then-write-on-render flow is the GET-that-writes; scanning still checks the student in.
G1	04-attendance	R74	ALREADY-V1	REG-77	-	Student session detail 404s without an ACTIVE enrolment.	apps/backend/src/routes/sessions.ts:292-295 student without ACTIVE enrolment gets 404 (hasActiveEnrollment, permissions.ts:508-515).	-	-	HEAD sessions.ts:292-295 (REG-77 fixed).
G1	04-attendance	R86	REVERT	REG-37	src/lib/notifications.ts:62-75	Users with lowAttendanceFlag=false get no flag at all (filtered before insert).	apps/backend/src/lib/notifications.ts:69-79 writes the in-app row for everyone; preference gates email only.	plan-13 Decision 1 'D4 channel split' (L88-91); plan-13 Task 2 Step 5 (L857, L875), Step 8 (L1039)	Same change as 03-sessions R50: filter opted-out recipients before createMany (notifications.ts:69). Cancel REG-37.	-
G1	04-attendance	R98	REVERT	-	src/app/admin/season/[code]/sessions/[id]/page.tsx:65-80; src/components/sessions/check-in-attendance-list.tsx:40-80	Admin console's live roster: ACTIVE enrolments of the whole season ordered by student name, refreshed every 10s, and each row can be tapped to override the status (Present/Late/Absent).	apps/mobile/app/(app)/session/[id]/index.tsx:106-145 console has a read-only live roster (polled), ordered group name then student name (queries/sessions.ts:136), no override.	plan-04 Task 5 'admin console, leader live roster' (L1616, L1911-2019)	Order the console roster by student name only (queries/sessions.ts:136, or a console-specific order); add per-row status override (Present/Late/Absent) in LiveRoster for the console, writing one entry that preserves stored notes/lateMinutes (R32) and does not flag (R33); empty text 'No students have scanned yet.' as v1.	-
G1	04-attendance	R99	KEEP-FIX	-	src/app/leader/sessions/[id]/page.tsx:40-59	Leader live roster built from global GroupStudent filtered to their groups and the season, unordered.	apps/backend/src/lib/queries/sessions.ts:125-136 uses SeasonEnrollment scoped to the leader's groups.	-	-	C9: GroupStudent is not season-aware; a different membership source from marking.
G1	04-attendance	R101	ALREADY-V1	REG-79	-	SUPER season detail page passes no checkInBaseUrl, so a non-admin SUPER has no open/close control on the season detail.	v2 season detail (apps/mobile/app/(app)/seasons/[code]/index.tsx) has no check-in control for anyone; session detail console hidden from non-admin SUPER (session/[id]/index.tsx:239-242).	-	-	HEAD: no console on season detail matches R101. But v1's admin SESSION page gives SUPER the full console (admin/season/[code]/sessions/[id]/page.tsx:39-42,215-240), so the REG-79 narrowing on session detail is a REVERT - see 03-sessions R103. Also note v1's admin season detail Sessions tab shows QR per open session (season-detail.tsx:166-174), absent in v2.
G1	18-settings	R1	KEEP-PLATFORM	REG-01	src/app/admin/settings/page.tsx:1-6 (and alumni, leader, mentor, student, super)	Six byte-identical per-role settings URLs all render the same SettingsPageBody.	apps/mobile/app/(app)/settings.tsx:22-24 one /settings screen for every role, same content.	-	-	Per-role URL prefixes are Next.js route-area structure; the screen content (R3: no role branches) is identical, so there is no user-visible behaviour to restore.
G1	18-settings	R6	KEEP-PLATFORM	REG-01	src/components/layout/role-layout.tsx:27-29	Alumni reach settings only at /alumni/settings (redirected out of /student).	apps/mobile/app/(app)/settings.tsx:22-24 alumni and students share /settings with the same content.	-	-	URL-area routing only; same settings screen either way.
G1	18-settings	R9	REVERT	REG-16	src/components/layout/user-menu.tsx:23-30; src/components/layout/top-bar.tsx:93-99	A mentor has no More tab; their route to Settings is the top-bar avatar menu ('Profile settings', Sign out).	apps/mobile/app/(app)/profile.tsx:251-267 the Profile tab account card holds the Settings button; there is no avatar menu (tabs run headerShown:false, (app)/_layout.tsx:125).	plan-11 Decision 2 (L92-98); spec 18 D9 items 2-3	Add v1's avatar/user menu to the app header for every role (name, 'Profile settings', Sign out) with PROFILE_HREF as v1 (STUDENT -> /profile, everyone else -> /settings); the mentor Profile-tab account card can stay as the R11 fix.	-
G1	18-settings	R10	REVERT	-	src/components/layout/user-menu.tsx:23-30,83-88	Avatar menu's 'Profile settings' sends STUDENT to their profile and every other role to settings; it shows at every width.	No avatar menu; apps/mobile/app/(app)/profile.tsx:190-192 the student profile has an 'Open settings' button.	plan-11 Decision 1 (L79-91, 'two-tap trip /profile -> Open settings'); spec 18 D9 item 3	Same header avatar menu as R9 (STUDENT -> /profile). The extra 'Open settings' button on the student profile is not v1 and goes (student reaches settings through More, as v1).	-
G1	18-settings	R11	KEEP-FIX	REG-16	src/lib/navigation.ts:129	Mentor's fifth tab links /mentor/profile, which does not exist (404).	packages/shared/src/navigation.ts:158 mentor Profile tab opens a real account screen.	-	-	Broken flow: v1's tab is a 404.
G1	18-settings	R15	REVERT	-	src/app/(settings)/settings-page.tsx:7-13	Settings shows five notification toggles; quizGraded has no toggle (defaults on).	apps/mobile/src/components/NotificationPreferences.tsx:44,54 renders a sixth 'quizGraded' toggle.	plan-13 device checklist (L3698 'six toggles'); spec 18 D5	Remove the quizGraded entry from the rendered toggle list (NotificationPreferences.tsx:44-54) while still sending the stored value on PUT; the single shared default constant (notification.ts:139-146) is fine.	-
G1	18-settings	R19	REVERT	-	src/lib/settings-actions.ts:79-81	Name validated min 2 / max 120 with Zod's default messages; Save is pressable and the server returns the error.	packages/shared/src/user.ts:141-145 custom messages; apps/mobile/app/(app)/settings.tsx:50,142 also disables Save when the name is out of bounds and shows 'Between 2 and 120 characters.'.	plan-09 profile schema (L332, L349, L378); plan-09 settings screen (L2729 area)	Use v1's default-message wording (e.g. 'String must contain at least 2 character(s)') or omit custom messages in updateProfileRequestSchema (user.ts:142), drop '|| !nameValid' from the Save disable (settings.tsx:142) and show the server's field error.	-
G1	18-settings	R20	REVERT	REG-12	src/components/settings/settings-form.tsx:142-144	Email shown disabled with the caption 'Change via the admin console.'.	apps/mobile/app/(app)/settings.tsx:126-132 read-only email captioned 'Ask an administrator to change your email.'.	plan-09 settings screen (L2729)	Restore v1's caption text 'Change via the admin console.' (settings.tsx:131). The student email lock itself is KEEP-FIX (REG-12, account takeover, spec 18 D8) and makes v1's caption true for every role.	-
G1	18-settings	R21	KEEP-FIX	-	src/lib/settings-actions.ts:88	Name written untrimmed, so padding is stored and counts toward min(2).	packages/shared/src/user.ts:142 trims before validating and writing.	-	-	Data corruption: whitespace-padded names stored, and '  B ' passes the 2-char minimum on padding; v1's own client trims for its dirty check (settings-form.tsx:148).
G1	18-settings	R22	ALREADY-V1	-	-	Save disabled when trimmed name equals the current name.	apps/mobile/app/(app)/settings.tsx:46-49,142 disables Save while !nameChanged.	-	-	HEAD settings.tsx:49,142 (the extra validity condition is handled under R19).
G1	18-settings	R26	KEEP-FIX	-	src/lib/settings-actions.ts:14-23	New password min 8 with no maximum; confirm checked server-side.	packages/shared/src/user.ts:21-27 min 8 plus 72-byte max; confirm check client-side (settings.tsx:80).	-	-	Security defect: bcrypt silently ignores bytes past 72, so v1 accepts a passphrase whose tail is never checked (spec 11 D8). Confirm mismatch still blocks with the same 'Passwords don't match.' text. Borderline - owner may prefer REVERT of the max.
G1	18-settings	R28	REVERT	-	src/lib/settings-actions.ts:42,50	Password change hashes at bcrypt cost 10.	apps/backend/src/routes/me.ts:123-130 hashes at cost 12.	plan-09 D8 password change (L2322, L2144)	Hash with cost 10 in the change-password route (me.ts:130 area) and the plan-09 L2144 assertion; bcryptjs stays.	-
G1	18-settings	R29	KEEP-FIX	-	src/lib/settings-actions.ts:51-55	Changing your password revokes no sessions and leaves reset tokens live.	apps/backend/src/routes/me.ts:133-141 revokes other refresh tokens and expires reset tokens in one transaction.	-	-	Security/account takeover: the 'I am compromised' remedy is a no-op against an attacker holding a session (spec 18 D1).
G1	18-settings	R31	KEEP-FIX	REG-96	src/lib/settings-actions.ts:42 (no rate limiter anywhere; no src/middleware.ts)	Password action unthrottled - an online oracle for the current password.	apps/backend/src/routes/me.ts:34 rate-limits to 10 per 15 minutes.	-	-	Security hole: unlimited current-password guessing for anyone with a session.
G1	18-settings	R34	KEEP-FIX	-	src/lib/settings-actions.ts:70-74	Preference update spreads unvalidated input into Prisma; malformed input is a 500.	apps/backend/src/routes/me.ts:277-280 parses notificationPreferencesSchema, 400 on invalid.	-	-	Crash on malformed input (unhandled 500) and unvalidated writes; the UI never sends malformed data so no user-visible change.
G1	18-settings	R35	ALREADY-V1	-	-	Toggles flip optimistically and revert on failure.	apps/mobile/src/hooks/use-notifications.ts:108-115 onMutate sets the new value, restores the snapshot on error (REG-80).	-	-	HEAD use-notifications.ts:108-115.
G1	18-settings	R36	KEEP-FIX	-	src/lib/season-actions.ts:85-98	Create discards absence budget/weight typed on the form.	apps/backend/src/routes/seasons.ts:162-163 persists both.	-	-	Data loss (same as 02-seasons R21, spec 02 D1).
G1	18-settings	R38	REVERT	REG-12	src/lib/student-actions.ts:24,103-121	A student can edit their name (and email) on their own profile form; name also editable in settings.	apps/backend/src/routes/me.ts:96-98 PATCH /me is the only name writer; student /profile form excludes name and says 'Change your name in Settings' (profile.tsx:190-192).	plan-11 Decision 1 (L79-91)	Put the Name field back on the student /profile form (writing through PATCH /me or allowing name in PATCH /me/profile with the same 2-120 trimmed rule); keep email excluded (REG-12 KEEP-FIX, account-takeover).	-
G2	05-groups	R5	KEEP-FIX	-	src/lib/auth/permissions.ts:87-93	Group membership for access is read from the student's single global GroupStudent row; SeasonEnrollment.groupId is only displayed.	apps/backend/src/lib/permissions.ts:44-56 resolves a student's group for the group's season from SeasonEnrollment.groupId.	-	-	C9: GroupStudent is globally unique, so v1 answers per-season membership questions with whatever group the student is in now (wrong group for any past season).
G2	05-groups	R6	KEEP-FIX	-	src/lib/assignments-query.ts:203-206; src/lib/auth/permissions.ts:377-381	Assignment visibility, leader review scope etc. follow the student's current global group, so moving season blacks out the previous season.	apps/backend/src/lib/permissions.ts:150-160 (and queries/assignments.ts groupIdInSeason) resolve the group per season via the enrolment.	-	-	C9: v1 resolves season-scoped consumers through the globally-unique GroupStudent row, giving a leader old students' work and hiding a student's past-season assignments.
G2	05-groups	R10	KEEP-FIX	-	src/lib/groups-query.ts:36; src/lib/enrollment-actions.ts:50-67,105-112	Group student count is the raw GroupStudent count, so graduated, dropped and moved-on students keep counting in their old group.	apps/backend/src/lib/queries/groups.ts:68-73 counts ACTIVE enrolments of the group; detail roster (routes/groups.ts:118) still lists GroupStudent rows as v1 did.	-	-	C9 + provably wrong value: v1's count includes students who graduated or withdrew (nothing clears GroupStudent, R7-R9).
G2	05-groups	R14	REVERT	-	src/lib/group-actions.ts:16-19,49,55-62	Leader and student id arrays are taken off the raw input with no type check and no size limit.	packages/shared/src/group.ts:40-41 types both arrays as positive ints and caps them at 20 leaders / 500 students.	none - pre-plan Wave B commit 371404d (group create/edit); consumer plan-06 Task 8 (L5030)	Keep the int/positive typing (it only stops garbage/NaN input) but remove the .max(20) and .max(500) caps at packages/shared/src/group.ts:40-41 so any number of leaders/students is accepted as in v1; the eligibility checks are classified separately (R17 KEEP-FIX, R18 REVERT).	-
G2	05-groups	R15	REVERT	REG-64	src/lib/group-actions.ts:40-78 (no duplicate check); schema has no unique on Group.name	Two groups with the same name in one season are allowed.	apps/backend/src/lib/queries/groups.ts:129-139 refuses an exact duplicate name in the season with 409 name_taken.	plan-18 Task 2.2 M2 (L1369-1400) and Task 2b.2 (L2810-2850); register REG-64	Drop the name_taken check from validateGroupWrite (groups.ts:129-139), drop Plan 18 M2's @@unique([seasonId,name]) and Task 2b.2's case-insensitive variant; keep the import-side ambiguity refusal in Plan 17 D-16.19.1 (the importer is where duplicate names do damage) and re-sign REG-64 as REVERT.	-
G2	05-groups	R17	KEEP-FIX	-	src/lib/group-actions.ts:49-54 (no check) vs src/lib/groups-query.ts:104-110 (picker only)	Any user id can be written as a group leader; only the picker limits it to live LEADER users.	apps/backend/src/lib/queries/groups.ts:141-153 refuses a leaderId whose user is not role LEADER (409 invalid_leader).	-	-	C7/C8: in v1 a GroupLeader row naming a STUDENT populates groupLeaderIds and canAccessGroup honours it before the role (R65) - a privilege path enforced only by the UI picker. The picker (routes/groups.ts:86-95) still offers exactly v1's live LEADER set.
G2	05-groups	R18	REVERT	-	src/lib/groups-query.ts:112-121; src/lib/group-actions.ts:55-76	The group form offers every live student in the database and saving enrols any of them into the season (creates the enrolment) and the group.	apps/backend/src/lib/queries/groups.ts:155-168 refuses a student without an enrolment in this season (409 not_enrolled); the form's picker (GroupForm.tsx:93-115) is the season's ACTIVE-enrolment roster.	none - pre-plan commit 371404d (validateGroupWrite); plan-06 D-16.11 (L140-143) makes the roster the group form's picker; plan-06 Task 8 GroupForm (L5440-5520)	Picker must list every live STUDENT user (v1 listStudentsForPicker) - add a global live-student options read for the form instead of GET /seasons/:id/roster; validateGroupWrite (groups.ts:155-168) must accept any live role-STUDENT user; setGroupStudents (groups.ts:210-213) must upsert the enrolment (create ACTIVE when none, otherwise set groupId only, per R21).	-
G2	05-groups	R20	KEEP-FIX	-	src/lib/group-actions.ts:60-65	A repeated student id makes createMany hit the unique constraint and the whole save fails with an unhandled error.	apps/backend/src/lib/queries/groups.ts:205-214 deletes then creates per student, so a duplicate id is idempotent.	-	-	Crash: v1 throws an uncaught Prisma P2002 and rolls back the save for a duplicated id.
G2	05-groups	R21	KEEP-FIX	-	src/lib/group-actions.ts:66-75	Adding a student via the group form deletes and recreates their season enrolment, resetting status, dates and drop reason (a WITHDRAWN student becomes ACTIVE).	apps/backend/src/lib/queries/groups.ts:210-213 updates groupId on the existing enrolment, preserving status and history.	-	-	Data loss/corruption: spec 06 D2 - destroys enrolment history on a model the schema calls append-only and resurrects withdrawn students.
G2	05-groups	R33	KEEP-FIX	-	src/lib/group-actions.ts:129-133	Removing a student from a group deletes the membership but leaves SeasonEnrollment.groupId pointing at the group.	apps/backend/src/lib/queries/groups.ts:197-200 nulls the enrolment's groupId for removed students.	-	-	Data inconsistency: after removal the roster says unassigned while the season export/history still names the old group (spec 05 section 10 item 7).
G2	05-groups	R34	KEEP-FIX	-	src/lib/group-actions.ts:134-150	Edit's add path repeats create's enrolment delete-and-recreate, wiping enrolment history.	apps/backend/src/lib/queries/groups.ts:205-214 updates the enrolment in place; the unscoped GroupStudent delete is kept as in v1.	-	-	Data loss: same defect as R21 (spec 06 D2).
G2	05-groups	R38	KEEP-FIX	-	src/lib/group-actions.ts:159-165 (no caller anywhere in src)	Deleting a missing group returns silently - but the delete action is never called by any page.	apps/backend/src/routes/groups.ts:155-158 returns 404 not_found for a missing group on DELETE.	-	-	C12: deleteGroupAction is dead code (R46); its semantics never ran, so v2's designed delete is not held to them.
G2	05-groups	R40	KEEP-FIX	-	src/lib/group-actions.ts:168-176 (dead code)	Unreachable delete drops leaders, memberships, nulls this season's enrolment pointers and deletes the group.	apps/backend/src/routes/groups.ts:193-208 does the same plus deleting target rows and nulling every season's pointers, with a sole-target guard.	-	-	C12: dead code is not a specification; v2's delete was designed (Plan 6 D-16.13).
G2	05-groups	R44	KEEP-FIX	-	prisma schema AssignmentTarget onDelete Cascade; src/lib/group-actions.ts:175 (dead code)	Deleting a group would silently cascade away its assignment targets, leaving a group-only assignment visible to nobody.	apps/backend/src/routes/groups.ts:194-199 refuses with 409 group_has_sole_targets.	-	-	C12 + data inconsistency: v1's (never-run) delete strands assignments with zero targets and isAllGroups false.
G2	05-groups	R45	KEEP-FIX	-	src/lib/group-actions.ts:178-180 (dead code)	No confirmation or impact count - and no delete control at all in v1's UI.	apps/backend/src/routes/groups.ts:167-171 GET /groups/:id/impact feeds a confirmation on the edit screen.	-	-	C12: part of the designed delete; v1 has no reachable delete to be faithful to.
G2	05-groups	R46	KEEP-FIX	-	src/lib/group-actions.ts:159 (only reference in src)	deleteGroupAction has no caller; v1 users cannot delete a group.	apps/backend/src/routes/groups.ts:179-221 exposes a designed DELETE /groups/:id from the edit screen.	-	-	C12 explicitly: design the capability rather than port unreachable code; spec 05 section 10 item 5 recommends shipping it.
G2	05-groups	R48	REVERT	-	src/lib/group-actions.ts:183-190	Bulk roster save accepts up to 2000 entries; a null group unassigns.	packages/shared/src/group.ts:118-129 caps at 500 (GROUP_ASSIGNMENTS_MAX); null still unassigns.	plan-06 D-16.12 (L144-148); plan-06 Task 1 shared contracts	Restore the cap to 2000 (GROUP_ASSIGNMENTS_MAX in packages/shared/src/group.ts:118) and make it finish by batching the writes in assignStudentsToGroups/unassignStudentsFromGroups (groups.ts:360-426: one deleteMany, one createMany, grouped updateMany per group) instead of the per-row loop.	-
G2	05-groups	R51	KEEP-FIX	-	src/lib/group-actions.ts:215-223	A student is eligible for bulk group assignment only when StudentProfile.activeSeasonId equals the season.	apps/backend/src/lib/queries/groups.ts:319-336 requires an ACTIVE enrolment of a live STUDENT in the season.	-	-	C9 + data inconsistency (spec 06 D1/R11-R13): the pointer and enrolments disagree in both directions, so v1 lets WITHDRAWN students be assigned (drop never clears the pointer, R67) and refuses enrolled students whose pointer moved.
G2	05-groups	R52	KEEP-FIX	-	src/lib/group-actions.ts:228,247	Ineligible students are skipped silently and the action still reports success.	apps/backend/src/lib/queries/groups.ts:377-381 skips them and returns skippedStudentIds.	-	-	Provably wrong value: callers (roster grid and the group import, spec 16 R80) report rows sent as rows written even when nothing was written. The roster screen wording is handled under R101.
G2	05-groups	R55	KEEP-FIX	-	src/lib/group-actions.ts:236-240	The bulk upsert creates an ACTIVE enrolment for an eligible student who has none, so assigning a group also enrols.	apps/backend/src/lib/queries/groups.ts:351-356,390-393 only updates an existing ACTIVE enrolment; others are skipped.	-	-	Follows R51 (C9): eligibility is now an ACTIVE enrolment, so there is never a missing row to create; v1's create path existed only because of the pointer/enrolment split (spec 06 D1). Enrolling via the group form is restored under R18.
G2	05-groups	R56	KEEP-FIX	-	src/lib/group-actions.ts:225-244	One transaction with a 20 s timeout running 2-3 sequential statements per student - up to 6000 at the 2000 cap, which times out and rolls back.	apps/backend/src/routes/seasons.ts:624-625 uses a 30 s timeout with a 500-row cap.	-	-	Broken flow: v1 cannot complete a batch near its own advertised size (spec 05 section 10 item 8). The cap itself reverts under R48 with batched writes.
G2	05-groups	R57	KEEP-FIX	-	src/lib/group-actions.ts:247; src/components/groups/roster-grid.tsx:85-87	Returns only ok, so callers cannot know how many rows were written.	apps/backend/src/lib/queries/groups.ts:357-358 / routes/seasons.ts:599-629 return assigned, unassigned and skippedStudentIds.	-	-	Provably wrong value downstream (same defect as R52); response shape is invisible to users, the roster message is R101.
G2	05-groups	R60	KEEP-FIX	-	src/lib/auth.ts:76-82	Leader/admin scopes load into the JWT only at sign-in, so removing a leader takes effect only when they sign in again.	apps/backend/src/lib/auth/tokens.ts:96 reloads scopes on every token issue and refresh (bounded by the 900 s TTL).	-	-	C7: a removed leader keeps group access indefinitely in v1 - an authorization hole.
G2	05-groups	R63	KEEP-FIX	-	src/lib/rbac.ts:32-34	isLeaderOfGroup trusts the groupLeaderIds claim alone.	apps/backend/src/lib/rbac.ts:37-39 also requires role LEADER.	-	-	C7: a GroupLeader row naming a non-leader grants that user group access in v1.
G2	05-groups	R65	KEEP-FIX	-	src/lib/auth/permissions.ts:77-78	canAccessGroup admits anyone holding a GroupLeader row before checking role.	apps/backend/src/lib/permissions.ts:35 via rbac.ts:37-39 requires role LEADER, so a stray row grants nothing.	-	-	C7: privilege path - a STUDENT with a stray row reads the full group roster with emails.
G2	05-groups	R68	KEEP-FIX	-	src/lib/auth/permissions.ts:87-93	A student can open the group detail of whatever group their single global membership row names - their old group after moving season, not the new one.	apps/backend/src/lib/permissions.ts:44-56 admits a student to a group only when their enrolment for that group's season names it.	-	-	C9: global GroupStudent row answers a per-season question wrongly (old group readable, current season's group denied).
G2	05-groups	R70	KEEP-FIX	-	src/lib/groups-query.ts:20-30; src/app/api/v1/seasons/[id]/groups/route.ts:23-25	Narrowing of the season group list is an option the caller chooses to pass (REST passes it for students only).	apps/backend/src/lib/queries/groups.ts:26-50 derives the narrowing inside the query from the caller's role.	-	-	C8: authorization must be row-scoped inside the endpoint, not a caller-supplied option (spec 05 section 7).
G2	05-groups	R71	KEEP-FIX	-	src/lib/groups-query.ts:36	studentCount is every GroupStudent row, unfiltered by status, deletion or season.	apps/backend/src/lib/queries/groups.ts:68-73 counts ACTIVE enrolments in the group's season.	-	-	C9 + provably wrong count (includes graduated, withdrawn and moved-on students); same fix as R10.
G2	05-groups	R74	ALREADY-V1	-	-	-	apps/backend/src/routes/groups.ts:102-104 gates on canAccessGroup before loading, exactly as v1's REST route src/app/api/v1/groups/[id]/route.ts:16 did.	-	-	HEAD matches v1's own /api/v1/groups/:id gate (the ungated loadGroupById was only ever called behind page gates).
G2	05-groups	R75	REVERT	-	src/lib/groups-query.ts:72-81,93-94; src/app/student/season/page.tsx:71-77,163-183	Detail orders members by name with id, name and email; v1's student view shows leaders' emails (mailto) but not peers' emails.	apps/backend/src/routes/groups.ts:131-143 orders by name but strips email from BOTH leaders and students for a STUDENT caller.	none - pre-plan commit 31c5f0e (Wave A authz fixes)	Apply the email strip only to students[] for a STUDENT caller: at routes/groups.ts:142 keep leaders.map((l) => l.user) unmodified so students see leader emails as in v1; keep peers' emails withheld (C8 privacy - v1's student card never showed them).	-
G2	05-groups	R78	REVERT	-	src/lib/groups-query.ts:112-121	The group form's student picker lists every live STUDENT in the database, deliberately, so admins can enrol new students while creating a group.	apps/backend/src/lib/queries/groups.ts:273-283 (GET /seasons/:id/roster) supplies the picker - ACTIVE enrolments of this season only.	plan-06 D-16.11 (L140-143); plan-06 Task 8 GroupForm (L5440-5520)	Give GroupForm a global live-STUDENT picker (id, name, email; name asc) instead of the season roster; same change as R18.	-
G2	05-groups	R79	REVERT	-	src/components/groups/group-form.tsx:62-66,148	Picker shows only name/email; one static helper line warns that adding a student moves them out of any other group.	apps/mobile/src/components/GroupForm.tsx:100-105 shows a per-student caption naming their current group or other-season group.	plan-06 Task 8 GroupForm (L5510-5520)	Remove the per-row captions in GroupForm.tsx:100-105 and render v1's single helper text 'Adding a student here will move them out of any other group.'	-
G2	05-groups	R81	KEEP-FIX	-	src/lib/groups-query.ts:143-148	The season roster is every student whose activeSeasonId is this season (including withdrawn ones), and excludes enrolled students whose pointer moved.	apps/backend/src/lib/queries/groups.ts:273-283 lists ACTIVE enrolments of live STUDENT users.	-	-	C9 + spec 06 D1 data inconsistency: v1's pointer-based roster disagrees with the enrolment table (shows withdrawn students, hides enrolled ones).
G2	05-groups	R82	REVERT	-	src/lib/groups-query.ts:151-155,161	A student whose group belongs to another season shows as unassigned in the roster.	apps/backend/src/lib/queries/groups.ts:286-304 adds otherSeasonGroup and the grid/form show it.	plan-06 D-16.11 'Cross-season membership' (L142)	Drop otherSeasonGroup from seasonRosterRowSchema/listSeasonRoster (groups.ts:286-304, shared group.ts:113) and from the roster/form captions; such a student shows as unassigned as in v1.	-
G2	05-groups	R84	KEEP-PLATFORM	-	src/app/leader/groups/page.tsx:32-33	The leader's My groups page filters groups by the token's groupLeaderIds inside the page query.	apps/backend/src/routes/groups.ts:30-34 serves GET /groups, narrowed inside listMyGroups (groups.ts:225-251).	-	-	Page query to API endpoint is forced by the Next.js-to-Express move; the same groups are returned. (v1 page also listed each group's students inline, ordered by group name - see R85/R86, not in this worklist.)
G2	05-groups	R88	KEEP-FIX	-	src/app/student/season/page.tsx:63-83	The student's group card reads their single global membership with no season filter, so a student who moved seasons sees the old group as current.	apps/backend/src/lib/queries/me.ts:142-160 reads the group from the enrolment for the active season.	-	-	C9: wrong group shown beside the current season's progress.
G2	05-groups	R91	REVERT	-	src/app/admin/groups/page.tsx:25-40	/admin/groups opens the newest non-deleted season the admin administers by start date (no status filter); other seasons' groups are reached from their season page.	apps/mobile/app/(app)/groups.tsx:56-101 uses a season switcher defaulting to pickCurrentSeasonId (use-seasons.ts:52-58), which prefers an ACTIVE season.	plan-06 D-16.16 (L156); plan-06 Task 5 switcher (L3093)	Default the /groups admin selection to the newest non-deleted administered season by startDate desc with no ACTIVE preference (v1 redirect rule), not pickCurrentSeasonId; the season picker may stay only as the mobile stand-in for v1's per-season groups URL.	-
G2	05-groups	R92	KEEP-PLATFORM	-	src/app/admin/groups/page.tsx:12; src/app/admin/season/[code]/groups/page.tsx:23,26	SUPER is rejected by the /admin/groups redirect page but can open any season's group list from the season page.	apps/mobile/app/(app)/groups.tsx:118-121 lets SUPER use the season groups branch.	-	-	The rejection is a web redirect-page artifact; SUPER already had every season's group list in v1 (canEditSeason passes), so the capability is unchanged.
G2	05-groups	R97	REVERT	-	src/components/groups/group-form.tsx:107	Both create and edit return to the season's group list.	apps/mobile/app/(app)/group/new.tsx:25 replaces to the new group's detail; edit.tsx:89 goes back.	plan-06 Task 8 (L5584 create, L5699 edit)	new.tsx:25 and edit.tsx:89 onSuccess: router.replace('/groups') with that group's season selected, for both create and edit.	-
G2	05-groups	R101	REVERT	-	src/components/groups/roster-grid.tsx:84-87	After saving, the grid says 'Updated N students.' with N = rows sent.	apps/mobile/app/(app)/seasons/[code]/roster/index.tsx:80-87 says 'Assigned X, unassigned Y.' plus a skipped count.	plan-06 Task 8 roster grid (L5030-6070)	Show v1's 'Updated N student(s).' toast; N may be assigned+unassigned from the server (the count fix is R52/R57); drop the separate assigned/unassigned wording.	-
G2	06-students	R9	KEEP-FIX	-	src/lib/student-actions.ts:79; src/lib/group-actions.ts:69-75	activeSeasonId and enrolments are written independently, so a student enrolled via a group has no active season (their own Current season page is empty).	apps/backend/src/lib/queries/students.ts:739-742 points an UNSET profile pointer at the season when enrolling.	-	-	Data inconsistency (spec 06 D1/R13): v1's two definitions of 'in this season' disagree in both directions; setting only an unset pointer never steals an existing one.
G2	06-students	R11	KEEP-FIX	-	src/lib/groups-query.ts:143-148	The group-assignment roster is defined by activeSeasonId, so enrolled students without the pointer cannot be assigned and withdrawn students still appear.	apps/backend/src/lib/queries/groups.ts:273-283 builds the roster from ACTIVE enrolments.	-	-	C9 + spec 06 D1 inconsistency; same fix as spec 05 R81.
G2	06-students	R12	KEEP-FIX	-	src/lib/group-actions.ts:215-223,228	Bulk assignment silently drops students whose activeSeasonId is not the season.	apps/backend/src/lib/queries/groups.ts:344-381 requires an ACTIVE enrolment and reports skippedStudentIds.	-	-	C9 + provably wrong success report (same as spec 05 R51/R52).
G2	06-students	R13	KEEP-FIX	-	src/lib/student-actions.ts:71-91 vs src/lib/group-actions.ts:66-75	A form-created student gets activeSeasonId but no enrolment; a group-added student gets an enrolment but no pointer.	apps/backend/src/lib/queries/students.ts:679-703 writes the pointer and an ACTIVE enrolment together when a season is given.	-	-	Data inconsistency (spec 06 D1): the created student is invisible to their own season's admin list, counts and reports.
G2	06-students	R15	KEEP-FIX	-	src/lib/student-actions.ts:71-91; src/app/super/students/new/page.tsx:25	Creating a student with a season sets only the pointer and creates no enrolment, although the page says it creates the enrolment.	apps/backend/src/lib/queries/students.ts:695-703 creates the ACTIVE enrolment in the same transaction.	-	-	Provably wrong/broken: the page promises an enrolment v1 never writes, leaving the student out of every enrolment-based list (spec 06 D1).
G2	06-students	R16	KEEP-FIX	-	src/lib/student-actions.ts:58-60	Every form-created student gets the same hard-coded password ChangeMe123!.	apps/backend/src/lib/queries/students.ts:660 writes passwordHash null; routes/students.ts:212 issues an invite.	-	-	Security: a shared known password on every form-created account (spec 06 D7).
G2	06-students	R17	KEEP-FIX	-	src/lib/student-actions.ts:93-95	The new student's email and plaintext password are written to the server log.	apps/backend/src/routes/students.ts:222-229 logs only the user id on invite-mail failure.	-	-	Security: credentials in plaintext logs (spec 06 D7).
G2	06-students	R22	KEEP-FIX	REG-12	src/lib/student-actions.ts:116-120	A student editing their own profile can change their login email (and name) with no verification.	apps/backend/src/routes/students.ts:133-136,264-270 limit self-edit to six profile columns; email is staff-only, name via PATCH /me.	-	-	Account takeover primitive: unverified change of the login identifier (spec 18 D8, REG-12). Name stays self-editable through PATCH /me.
G2	06-students	R24	REVERT	REG-97	src/lib/student-actions.ts:113-114,130-135	A student who sends notes or activeSeasonId in a self-edit gets a silent no-op on those fields; the rest saves.	apps/backend/src/routes/students.ts:264-270 refuses the whole request with 403 forbidden_field.	plan-07 Task 4 (L1481-1925, SELF_EDITABLE refusal); plan-11 Decision 1 (L79)	For a self-edit, strip notes and activeSeasonId from the body and save the rest (routes/students.ts:264-270), as v1 did; keep the email refusal from R22. Students still never see notes (owner's REG-97 intent is unaffected).	-
G2	06-students	R28	REVERT	REG-98	src/lib/students-query.ts:50-55 (no src/app/leader/students/page.tsx)	Only SUPER, ADMIN and MENTOR have a students list; a LEADER reaches students through My groups and a detail page.	apps/mobile/app/(app)/students/index.tsx:16 allows LEADER, and apps/backend/src/lib/queries/students.ts:50-58 serves them a scoped list.	plan-07 Task 2 (L521-1170, LEADER branch) and Task 6 (L2240-2728, allowedRoles); register REG-98	Remove LEADER from allowedRoles in students/index.tsx:16 and return 403 for LEADER in studentListScope (students.ts:50-58); leaders list their students on My groups (v1 leader/groups page) instead.	-
G2	06-students	R30	KEEP-FIX	-	src/lib/students-query.ts:41-61	LEADER scope (unreachable branch) comes from GroupStudent rows; other roles get an empty list.	apps/backend/src/lib/queries/students.ts:39-60 scopes LEADER by enrolment groupId and returns 403 for STUDENT.	-	-	C9 for the LEADER branch (moot once R28 reverts); STUDENT 403 vs empty is endpoint-shape only. SUPER/MENTOR/ADMIN scope is unchanged.
G2	06-students	R34	KEEP-FIX	-	src/lib/students-query.ts:65-66; src/app/super/students/page.tsx:35	The list stops at 200 rows with no paging and the header reports 200 as the student count.	apps/backend/src/lib/queries/students.ts:218-234 pages with a cursor and returns the true total.	-	-	Provably wrong value and unreachable rows: students past 200 cannot be listed and the count is wrong (spec 06 D14).
G2	06-students	R35	REVERT	REG-82	src/components/students/students-list.tsx:55-99	The list offers a season filter (by the student's active season) and a group filter, plus four sort keys.	Group filter and sort keys exist (StudentList.tsx:70-110, students.ts:115-167) but there is no season control in the UI and the API's seasonId means 'ever enrolled' (students.ts:201).	PR #18 commit 15b7067 (REG-82); plan-07 Task 6 (L2240-2728)	Add a Season chip to StudentFilters (StudentList.tsx:70-110) with 'All seasons' default, and make the seasonId filter match studentProfile.activeSeasonId (students.ts:201) - v1 filtered on the active season title shown on the row.	-
G2	06-students	R41	REVERT	-	src/lib/students-query.ts:143-153	The alumni list shows every alumnus at once, with no search box.	apps/mobile/src/components/StudentList.tsx (search input + Load more) and students.ts:132-162 page the alumni list 25 at a time with search.	plan-07 Task 2 (L521-1170) and Task 6 (L2240-2728)	For status=alumni hide the search input and return the full list in one response (no limit/cursor), ordered graduationYear desc, name asc.	-
G2	06-students	R44	KEEP-FIX	-	src/lib/students-query.ts:166	The dropped list includes soft-deleted (and non-student) users, whose rows link to a detail that 404s.	apps/backend/src/lib/queries/students.ts:259 filters role STUDENT and deletedAt null.	-	-	Broken flow: rows whose click-through always fails (spec 06 D12).
G2	06-students	R45	ALREADY-V1	REG-99	-	-	apps/backend/src/lib/queries/students.ts:248 serves the dropped list to SUPER and ADMIN only, exactly the roles v1 had pages for (super/students/dropped/page.tsx:13, admin/students/dropped/page.tsx:12); MENTOR never had a dropped page.	-	-	v1's gate admitted MENTOR but no mentor page called it, so user-visible access is identical.
G2	06-students	R48	KEEP-FIX	REG-21	src/lib/enrollment-actions.ts:56-61	Graduation completes only the enrolment of the student's activeSeasonId and leaves other enrolments ACTIVE.	apps/backend/src/routes/students.ts:501-504 completes every ACTIVE enrolment.	-	-	Data inconsistency: an alumnus stays ACTIVE on rosters, at-risk counts and season access (REG-21).
G2	06-students	R51	KEEP-FIX	-	src/lib/group-actions.ts:66-75,141-150	Group create/edit deletes and recreates enrolments, resurrecting withdrawn students and erasing drop reasons.	apps/backend/src/lib/queries/groups.ts:188-215 only updates groupId on the existing enrolment.	-	-	Data loss (spec 06 D2): destroys enrolment history.
G2	06-students	R60	KEEP-FIX	REG-21	src/lib/enrollment-actions.ts:56-66	Graduating a student with no activeSeasonId touches no enrolment, leaving them all ACTIVE.	apps/backend/src/routes/students.ts:501-504 completes all ACTIVE enrolments regardless of the pointer.	-	-	Same defect as R48.
G2	06-students	R65	KEEP-FIX	-	src/lib/enrollment-actions.ts:90-95	Drop looks the enrolment up before checking the caller, so a refused caller learns whether an id exists.	apps/backend/src/routes/students.ts:428-430 gates on isAdminOfSeason before the lookup.	-	-	C8: existence leak to refused callers; no user-visible change for authorised admins.
G2	06-students	R68	KEEP-FIX	-	src/components/students/student-detail.tsx:192-194; src/lib/auth/permissions.ts:394-401	The Drop button shows on every ACTIVE row when the admin can edit the student, including seasons they don't administer, and then fails.	apps/mobile/src/lib/student-actions.ts:51 shows Drop only on ACTIVE rows of seasons the viewer administers.	-	-	Broken flow: a control that always errors (spec 06 R68).
G2	06-students	R70	KEEP-FIX	-	src/lib/students-query.ts:277-304; src/app/*/students/[id]/page.tsx:20	The detail loader has no gate; every page calls canViewStudent first.	apps/backend/src/routes/students.ts:65-74 runs canViewStudent inside the handler.	-	-	C8: the gate must be in the endpoint; same population admitted as v1.
G2	06-students	R71	REVERT	-	src/components/students/student-detail.tsx:83-84,141-160; src/app/leader/students/[id]/page.tsx:35-42	Leaders and mentors see the full profile: phone (with a call button), date of birth, spiritual background, internal notes, every season row with drop reason. The student's own view never shows internal notes.	apps/backend/src/routes/students.ts:57-61 gives MENTOR/LEADER the 'public' arm (no phone, DOB, spiritual background, notes, dropReason) and students.ts:534-537 hides other-season rows from leaders.	plan-07 Task 3 (L1173-1480, detailViewFor + public arm)	detailViewFor (routes/students.ts:57-61) must return the internal arm for MENTOR and LEADER too, and loadStudentDetail must stop filtering leader enrolment rows (students.ts:534-537); keep the 'private' self view without notes (v1's student form never shows them).	-
G2	06-students	R73	REVERT	REG-83	src/lib/students-query.ts:323-334	Any staff viewer of the student sees the last 100 attendance rows across every season the student was enrolled in.	apps/backend/src/routes/students.ts:112-116 + students.ts:374-405 exist (PR #18) but limit ADMIN to seasons they administer and LEADER to seasons whose enrolment names their group.	PR #18 commit 15b7067 (REG-83); plan-07 'Not in this plan' (L83-92)	readableSeasonIds (students.ts:312-329) must return every enrolled season for any caller who passes canViewStudent (staff), matching v1's cross-season log.	-
G2	06-students	R74	REVERT	REG-83	src/lib/students-query.ts:346-358,452	Each season row shows attendance % = PRESENT+LATE over the season's sessions that have started, for every viewer.	apps/backend/src/lib/queries/students.ts:337-369 computes it (PR #18) but cuts the denominator at enrolledAt and nulls it outside the caller's history scope / for the student.	PR #18 commit 15b7067 (REG-83); plan-12 divergence row 13 (L104)	Drop the enrolledAt cut at students.ts:362-364 (all started sessions of the season) and compute it for every enrolment row the viewer sees (students.ts:541-547); keep the numerator limited to past sessions so it cannot exceed 100% (C5).	-
G2	06-students	R75	KEEP-FIX	REG-61	src/lib/engagement.ts:26-43; src/lib/students-query.ts:348	The engagement card's attendance % divides by every started session of the season.	apps/backend/src/lib/queries/engagement.ts:149-151 counts only sessions at or after the student's enrolledAt.	plan-12 divergence row 13 (L104); plan-12 Task (engagement, L2370-2460); register REG-61	-	Coordinator 2026-10-09: overruled by KEEP-FIX 09-R55 / 19-R25 (mid-season joiner scored against sessions before enrolment is a wrong value).
G2	06-students	R76	ALREADY-V1	REG-61	-	-	apps/backend/src/lib/queries/engagement.ts:54-125 computes the same per-student figures with a constant number of queries.	-	-	Query shape only; the numbers equal v1's once R75's denominator reverts.
G2	06-students	R77	REVERT	REG-83	src/lib/students-query.ts:367-385	Staff see the student's last 100 submissions across all enrolled seasons, including DRAFT rows.	apps/backend/src/lib/queries/students.ts:413-454 lists them (PR #18) but excludes DRAFT and limits to the caller's readable seasons.	PR #18 commit 15b7067 (REG-83)	Include DRAFT status (students.ts:422) and use every enrolled season for any staff caller passing canViewStudent (readableSeasonIds, students.ts:312-329).	-
G2	06-students	R78	KEEP-FIX	-	src/lib/students-query.ts:387-403,486-498	Last 100 notes are fetched unfiltered and filtered by viewer in the page.	apps/backend/src/routes/notes.ts:72-106 filters by noteVisibilityWhere in the query and pages the result.	-	-	C8: an endpoint that returned the unfiltered 100 would hand every note to every viewer; the visible set follows the same rule.
G2	06-students	R80	REVERT	REG-06	src/lib/students-query.ts:405-416; src/components/students/student-detail.tsx:342-368	SUPER and ADMIN see a Documents tab listing the student's documents (name, size, type, newest first; no download).	No documents list exists in v2 (deferred with uploads).	plan-07 'Not in this plan' (L83-92); plan-10 Decision 15 (L168); register REG-06	Add a read-only documents list (name, size, MIME, uploadedAt desc; SUPER/ADMIN only, no download link) to the student detail; listing needs no upload, and CLAUDE.md gates only uploading.	-
G2	06-students	R84	KEEP-FIX	-	src/lib/auth/permissions.ts:255-267 (no caller)	getStudentSeasonAccess is never called.	No v2 counterpart.	-	-	C12: dead code is not a specification.
G2	06-students	R85	KEEP-FIX	-	src/lib/student-actions.ts:147-158 (no caller)	softDeleteStudentAction is unreachable from any page; photo and document actions likewise.	apps/backend/src/routes/students.ts:520-547 exposes a designed DELETE /students/:id; photo/document actions deferred.	-	-	C12: v1's delete never ran; v2 designed it (spec 06 D13).
G2	06-students	R86	KEEP-FIX	-	src/lib/student-actions.ts:151-158	Soft delete stamps User and StudentProfile in two separate statements.	apps/backend/src/routes/students.ts:531-540 stamps both in one transaction.	-	-	Data inconsistency: a failure between statements leaves a live user with a deleted profile (and the action is C12 dead code anyway).
G2	06-students	R88	KEEP-FIX	-	src/lib/user-actions.ts:145-153	SUPER reactivate clears only User.deletedAt.	apps/backend/src/routes/users.ts:400-408 clears User and StudentProfile deletedAt together.	-	-	Data inconsistency: v2's delete stamps the profile too (R86), so clearing only the user would leave the profile deleted to v1's readers.
G2	06-students	R89	KEEP-FIX	REG-05	src/lib/student-actions.ts:164-193 (no caller)	uploadStudentPhotoAction is unreachable; the UI renders User.avatarPath, never photoPath.	Not built; deferred with uploads.	-	-	C12: dead code (spec 06 R85/D13); also uploads are off by owner instruction (CLAUDE.md ENABLE_UPLOADS=false).
G2	06-students	R90	KEEP-FIX	REG-06	src/lib/student-actions.ts:194-224 (no caller)	uploadStudentDocumentAction is unreachable; nobody can upload a document in v1.	Not built; deferred with uploads.	-	-	C12: dead code; uploads also off per CLAUDE.md.
G2	06-students	R91	KEEP-FIX	REG-06	src/lib/student-actions.ts:231-241 (no caller)	deleteStudentDocumentAction is unreachable, and gated on role alone.	No v2 route.	-	-	C12: dead code, and its gate is an authorization hole (spec 06 D5).
G2	07-assignments	R3	KEEP-FIX	REG-19	src/lib/assignment-actions.ts:21; src/components/assignments/assignment-form.tsx:136-142	The due date is an instant built from date + hour/minute in the author's browser timezone.	apps/backend/src/lib/assignment-writes.ts:59 composes dueDay + dueTime on the organisation clock server-side.	-	-	C2: deadline drifts by the author's device zone, so students and leaders in different zones get different wall-clock deadlines.
G2	07-assignments	R4	KEEP-FIX	REG-20	src/lib/assignment-actions.ts:22; src/app/admin/season/[code]/assignments/new/page.tsx:25-29	Any session id is accepted; only the form's option list keeps it to this season.	apps/backend/src/lib/assignment-writes.ts:32-40 refuses a session from another season (400 invalid_session).	-	-	C8 + data corruption: a crafted payload links an assignment to another season's session; the form still offers exactly this season's sessions.
G2	07-assignments	R11	KEEP-FIX	REG-20	src/lib/assignment-actions.ts:62,73	isAllGroups and groupIds are read off the raw, unvalidated input.	packages/shared/src/assignment.ts:195-196 types both in the schema.	-	-	C8: unvalidated input reaches the write (garbage ids/types become 500s or bad rows); normal form input is unaffected.
G2	07-assignments	R12	KEEP-FIX	REG-20	src/lib/assignment-actions.ts:73-78	groupIds are not checked against the season; the form only offers this season's groups.	apps/backend/src/lib/assignment-writes.ts:41-46 refuses a group outside the season (400 invalid_group).	-	-	C8 + data corruption: a crafted payload targets another season's groups.
G2	07-assignments	R13	REVERT	REG-20	src/lib/assignment-actions.ts:73	'Specific groups' with no group chosen saves an assignment that targets nobody (v1 has no publish flag, so this is how an admin parks one).	packages/shared/src/assignment.ts:207-214 rejects it with 400.	plan-05 divergence table row 'Specific groups with no groups saved' (L98); register REG-20 (split this half out)	Remove refineTargeting (packages/shared/src/assignment.ts:207-214) so isAllGroups=false with groupIds=[] saves, notifies nobody and has expectedCount 0, as in v1; keep R4/R11/R12's checks.	-
G2	07-assignments	R29	KEEP-FIX	-	src/lib/assignments-query.ts:203-206	A student's group for assignment visibility is their single global GroupStudent row.	apps/backend/src/lib/queries/assignments.ts:18-24 resolves the group for the assignment's season from SeasonEnrollment.	-	-	C9: a student who moves season loses every group-targeted assignment of the previous season.
G2	07-assignments	R31	KEEP-FIX	-	src/lib/assignments-query.ts:203-206	SeasonEnrollment.groupId is never consulted for visibility.	apps/backend/src/lib/queries/assignments.ts:214 consults SeasonEnrollment.groupId.	-	-	C9 (same defect as R29).
G2	07-assignments	R34	ALREADY-V1	-	-	-	apps/backend/src/routes/assignments.ts:39 gates the detail on canAccessSeason, exactly as v1's REST detail src/app/api/v1/assignments/[id]/route.ts:24 did (R36).	-	-	HEAD matches v1's /api/v1 detail (the surface v1's own jpc-mobile client used). Judgment call: v1's WEB page instead redirected unless activeSeasonId matched (student/assignments/[id]/page.tsx:29); if the owner wants the web rule, it is a one-line student gate at routes/assignments.ts:39.
G2	07-assignments	R42	KEEP-FIX	-	src/lib/assignments-query.ts:33-40	For targeted assignments expectedCount counts every GroupStudent row of the targeted groups, any season or status.	apps/backend/src/lib/queries/assignments.ts:79-85 counts ACTIVE enrolments of the season in both branches.	-	-	C9 + provably wrong count: graduated, withdrawn and moved-on students are expected to submit.
G2	07-assignments	R43	KEEP-FIX	-	src/app/admin/season/[code]/assignments/[id]/page.tsx:36	The staff detail counts every non-PENDING row as submitted, including drafts created just by opening the assignment.	apps/backend/src/lib/queries/assignments.ts:387 counts non-DRAFT, non-PENDING rows, matching the list.	-	-	Provably wrong value: inflated by C6's page-render drafts and contradicts the list's count on the adjacent screen (spec 07 section 10 item 8).
G2	07-assignments	R45	KEEP-FIX	REG-19	src/components/assignments/assignment-form.tsx:136-142	Deadline composed in the author's browser zone.	apps/backend/src/lib/assignment-writes.ts:59 composes it in the organisation timezone.	-	-	C2 timezone drift between users.
G2	07-assignments	R46	KEEP-FIX	-	src/components/assignments/assignments-list.tsx:19,50; src/app/student/assignments/page.tsx:39,101	Due dates are formatted in the server's incidental timezone.	apps/backend/src/lib/queries/assignments.ts:402-403 returns org-zone day and time; the client never formats dueAt in the device zone.	-	-	C2: rendering depends on where the server (or device) happens to run.
G2	07-assignments	R47	ALREADY-V1	-	-	-	apps/backend/src/lib/queries/assignments.ts:33-35 sets isOverdue = dueAt < now on the server, the same comparison v1's server component made with isPast (assignments-list.tsx:19).	-	-	Same rule, still evaluated server-side; it now travels on the contract because the RN client renders it (C4).
G2	07-assignments	R48	REVERT	-	src/app/student/assignments/page.tsx:17-41,98-104	A not-started assignment past due shows a red 'Due MMM d' badge and dot; upcoming ones show 'Due MMM d, yyyy · in N days'.	apps/mobile/app/(app)/assignments.tsx:16-24 shows 'Overdue' / 'Not started' from the server flag.	plan-01 Task 1 (L418-707, L616); plan-05 Task 7 (L2409)	Keep the server isOverdue flag, but render v1's wording: overdue PENDING rows show 'Due <org day, MMM d>' in the error tone; upcoming rows show the due day plus 'in N days' (from server-derived values, not device arithmetic).	-
G2	07-assignments	R53	KEEP-FIX	-	src/lib/assignments-query.ts:136-154	Tracker roster for targeted assignments is GroupStudent rows of the targeted groups.	apps/backend/src/lib/queries/assignments.ts:322-330 lists ACTIVE enrolments of the season in both branches.	-	-	C9: lists students who left the season or moved groups.
G2	07-assignments	R54	ALREADY-V1	REG-84	-	-	apps/backend/src/lib/queries/assignments.ts:368-377 sorts tracker rows by group name, then student name (PR #18, REG-84).	-	-	Fixed in PR #18; matches v1 assignments-query.ts:144,153.
G2	07-assignments	R58	KEEP-FIX	-	src/lib/assignments-query.ts:130-133	The tracker would load a soft-deleted assignment (unreachable in practice: v1 never deletes).	apps/backend/src/routes/assignments.ts:102-106 returns 404 for a soft-deleted assignment.	-	-	C12 + consistency: v2 adds a reachable delete (REG-18), so every read must honour deletedAt or deleted assignments stay live.
G2	07-assignments	R59	REVERT	-	src/lib/assignments-query.ts:127-129; src/app/admin/season/[code]/assignments/[id]/page.tsx:27,30	Only season admins and SUPER see an assignment's submission tracker.	apps/backend/src/routes/assignments.ts:108-111 also serves leaders a tracker narrowed to their groups.	none - pre-plan commit 7728472 (tracker); plan-05 Task 8 (L2575-2969) renders it on the staff detail	Gate GET /assignments/:id/tracker on isAdminOfSeason (403 for LEADER/MENTOR) at routes/assignments.ts:108-111 and hide the tracker section for non-admins in assignment/[id]; keep the gate server-side (C8).	-
G2	07-assignments	R61	KEEP-FIX	-	src/lib/assignment-actions.ts:164-182	Targeted-assignment notifications go to every GroupStudent member of the groups.	apps/backend/src/lib/assignment-writes.ts:78-88 notifies ACTIVE enrolments in those groups, de-duplicated.	-	-	C9: notifies graduated/withdrawn/moved students and misses ones whose membership row moved.
G2	07-assignments	R62	KEEP-FIX	-	src/lib/assignment-actions.ts:88-90	Notification body says 'Due <toLocaleString()>' in the server's timezone and locale.	apps/backend/src/lib/assignment-writes.ts:107 formats the time in the org timezone; omitted when no due date.	-	-	C2: v1 prints the server's incidental zone (UTC on a hosted server), a provably wrong local time for readers.
G2	07-assignments	R64	REVERT	REG-37	src/lib/notifications.ts:62-75	A student who opted out of assignment notifications gets neither an in-app row nor an email.	apps/backend/src/lib/notifications.ts:52-100 always writes the in-app row and suppresses only email.	plan-13 Decision 1 (L88-95) and Task 2 Step 5 (L857-880); register REG-37	Filter opted-out users before notification.createMany in createNotificationsBulk (notifications.ts:69-81), as v1 did; keep the dedupe and the written/suppressed counts.	-
G2	07-assignments	R66	REVERT	REG-17	src/lib/assignment-actions.ts:101-139,141-162	Editing or deleting an assignment notifies nobody.	apps/backend/src/routes/assignments.ts:173-177 sends ASSIGNMENT_CREATED to students newly targeted by an edit.	plan-05 divergence table row 'No notification on edit' (L103); register REG-17	Remove the targetedStudentIds/notifyAssignmentCreated block from PATCH /assignments/:id (routes/assignments.ts:173-177); edits notify nobody.	-
G2	07-assignments	R74	REVERT	REG-17	src/lib/assignment-actions.ts:128-133	Retargeting an assignment silently adds the new groups' students, with no notification.	apps/backend/src/routes/assignments.ts:173-177 notifies newly targeted students.	plan-05 divergence table row (L103); register REG-17	Same change as R66: no notification on retargeting.	-
G2	07-assignments	R77	KEEP-FIX	-	src/lib/submissions-query.ts:122-127	The review queue ignores assignment.deletedAt (moot in v1: deletion unreachable).	apps/backend/src/routes/submissions.ts:115 excludes soft-deleted assignments.	-	-	C12 + consistency with v2's reachable delete (REG-18): otherwise deleted work stays in the queue.
G2	07-assignments	R79	KEEP-FIX	-	src/lib/auth/permissions.ts:284-289	Edit/delete gate does not filter deletedAt, so a deleted assignment could be edited or deleted again.	apps/backend/src/routes/assignments.ts:189-193 returns 404 for soft-deleted rows.	-	-	C12 + data consistency: writes to a row that no longer exists to anyone.
G2	07-assignments	R80	KEEP-FIX	REG-18	src/lib/assignment-actions.ts:141-162 (no caller in src)	softDeleteAssignmentAction has no caller; v1 users cannot delete an assignment.	apps/backend/src/routes/assignments.ts:184-215 exposes a designed soft delete, refused with 409 has_submissions.	-	-	C12: dead code; v2's delete was designed so it cannot strand submissions (spec 07 section 10 item 4).
G2	07-assignments	R81	KEEP-FIX	-	src/app/student/assignments/[id]/page.tsx:40; src/lib/assignment-actions.ts:184-213	Opening the student detail page creates a DRAFT submission.	apps/backend/src/routes/submissions.ts:342 PUT /submissions/by-assignment/:assignmentId creates the draft explicitly and idempotently; GET /assignments/:id writes nothing.	-	-	C6: a GET that writes (under React Query it would write on every refetch).
G2	07-assignments	R83	KEEP-FIX	-	src/app/student/assignments/[id]/page.tsx:40	Merely opening an assignment moves the student from PENDING to DRAFT in the tracker.	apps/backend/src/routes/assignments.ts:28-88 is read-only; tracker counts exclude drafts.	-	-	C6 + provably wrong tracker state (a student who only looked shows as started).
G2	07-assignments	R87	ALREADY-V1	-	-	-	apps/backend/src/lib/queries/assignments.ts:37-39 derives isLate = submittedAt > dueAt once, the same comparison v1 made at each of its five server-rendered sites.	-	-	Same rule; carried on the contract because the RN client renders it (C4).
G3	08-submissions	R1	REVERT	-	src/app/student/assignments/[id]/page.tsx:40	Opening an assignment shows the editor immediately; the student never has to press a start button.	apps/mobile/app/(app)/assignment/[id]/index.tsx:39-50 shows a 'Start working' button and only renders the editor after PUT /submissions/by-assignment (submissions.ts:342-398).	plan-01 Task 4 'start, save, submit' (L1040, button L1404, closing check L2024)	Remove the 'Start working' card: when mySubmission is null render the same editor (empty text) straight away and have the first Save draft / Submit call PUT /submissions/by-assignment/:id (idempotent upsert, still no GET write per C6) and then PATCH, or let PUT accept {text, submit?} so one request creates and writes. Keep GETs side-effect free.	-
G3	08-submissions	R58	KEEP-FIX	-	src/app/student/assignments/[id]/page.tsx:40	Rendering the assignment page writes a DRAFT submission row.	apps/backend/src/routes/assignments.ts:65-85 GET detail only reads mySubmission; nothing is written on read.	-	-	C6: a GET never writes; under React Query refetch-on-focus the v1 shape becomes a write on every focus.
G3	08-submissions	R59	KEEP-FIX	-	src/lib/assignment-actions.ts:184-213	Draft creation is read-then-create-then-catch relying on the unique constraint.	apps/backend/src/routes/submissions.ts:388-395 real upsert on assignmentId_studentUserId.	-	-	C6 explicitly forbids porting read-then-create-then-catch; same resulting row, race removed. No user-visible change.
G3	08-submissions	R60	KEEP-FIX	-	src/app/student/assignments/[id]/page.tsx:40-43; src/lib/forum-query.ts:47-63	Forum view receives the GET-created stub id and every forum write targets it.	apps/backend/src/routes/forum.ts:65-100 PUT forum/response upserts the submission itself.	-	-	Direct consequence of C6 (the stub only existed because a GET wrote it); the student still posts from the same screen with no extra step.
G3	08-submissions	R61	KEEP-FIX	-	src/lib/assignments-query.ts:178, 237	An assignment the student merely opened flips from PENDING to DRAFT in lists/trackers with no action.	apps/backend/src/lib/queries/assignments.ts:246, 363 status stays PENDING until a row exists (created only by an explicit write).	-	-	C6 and a provably wrong value: v1 reports 'started' work for a page view; status derived from a read side effect is the defect C6 removes.
G3	08-submissions	R8	KEEP-FIX	-	src/lib/submission-actions.ts:64-67	Saving a draft always sets status DRAFT, so a SUBMITTED/REVIEWED row is demoted while feedback and reviewedAt survive.	apps/backend/src/routes/submissions.ts:309-321 save writes text only and leaves status alone.	-	-	Data inconsistency (spec D3): a reviewed row vanishes from the leader queue while stale feedback/reviewedAt stay attached; submittedAt also left set on a DRAFT (R18).
G3	08-submissions	R14	REVERT	-	src/components/assignments/student-submission-form.tsx:96	Editor is read-only only when REVIEWED, or SUBMITTED and past due; a SUBMITTED answer before the due date can still be edited and re-submitted.	apps/mobile/app/(app)/assignment/[id]/index.tsx:66 editable only for DRAFT or RETURNED, so any SUBMITTED work is locked even before the due date.	plan-01 Task 4 (L1427 editable = DRAFT||RETURNED; L907 note 'REVIEWED and SUBMITTED fixtures are not editable')	Change index.tsx:66 to editable = !(status === 'REVIEWED' || (status === 'SUBMITTED' && detail.isOverdue)) using the server's isOverdue (C2/C4); update the plan-01 Task 4 code/test so a SUBMITTED-before-due fixture is editable and re-submittable.	-
G3	08-submissions	R17	ALREADY-V1	REG-85	src/components/assignments/student-submission-form.tsx:158	Submit is disabled when text is blank and no file is attached.	apps/mobile/app/(app)/assignment/[id]/index.tsx:68,100 disables Submit on blank text with no files; server also refuses (submissions.ts:289-303).	-	-	HEAD matches v1's user-visible rule (button disabled); the extra server 400 is invisible to a normal user.
G3	08-submissions	R20	ALREADY-V1	REG-86	src/lib/submission-actions.ts:178-191	Review records feedback, reviewedAt, reviewedById and REVIEWED.	apps/backend/src/routes/submissions.ts:439-447 writes reviewedById: user.userId.	-	-	Fixed in PR #18; HEAD writes reviewedById.
G3	08-submissions	R21	REVERT	-	src/lib/submission-actions.ts:178-191; prisma/seed.ts:446	Reviewer has one action (mark reviewed); nothing ever sets RETURNED.	apps/backend/src/routes/submissions.ts:434,443 returnForRevision sets RETURNED; mobile submission/[publicId].tsx:32-45 offers a second 'return for revision' button.	plan-02 Goal (L5), endpoint contract (L50), Task 4 review screen (L958, L1033, L1044); plan-13 Task 2 review title (L1007-1009); plan-01 status label 'Returned for revision' (L958)	Drop returnForRevision: POST /:publicId/review takes {feedback} only and always sets REVIEWED (submissions.ts:434-447, shared reviewSubmissionRequestSchema), remove the second button from submission/[publicId].tsx and useReviewSubmission; keep reading/labelling RETURNED for existing rows only. Remove 'returns work for revision' from plan-02 goal/contract/Task 4 and the 'returned for revision' title from plan-13.	-
G3	08-submissions	R23	REVERT	REG-37; REG-91	src/lib/submission-actions.ts:193-198; src/lib/notifications.ts:36-53	Every review notifies the student 'Feedback ready on \"<title>\"'; a student who switched submissionReviewed off gets no in-app row and no email.	apps/backend/src/routes/submissions.ts:451-464 uses v1 title for REVIEWED but lib/notifications.ts:62-80 always writes the in-app row; preference gates email only.	plan-13 header decision 1 'D4' (L88-91), Task 2 Step 5 (L857-890) and Step 8 (L1039-1060); plan-13 Task 2 title snippet (L1007-1009); DROPPED.md REG-37	Restore v1 delivery: createNotificationsBulk filters opted-out recipients out before createMany (no row, no email, later no push) - lib/notifications.ts:62-80. Rewrite plan-13 decision 1 / Task 2 Step 5 and the Step 8 opt-out test to v1 semantics; change the plan-13 title snippet to v1's 'Feedback ready on \"<title>\"' (already at HEAD).	-
G3	08-submissions	R25	REVERT	-	src/lib/submission-actions.ts:167-191	A reviewer may mark a never-submitted DRAFT as reviewed (no status precondition).	apps/backend/src/routes/submissions.ts:434-436 returns 409 not_submitted for a DRAFT unless returnForRevision.	plan-02 endpoint contract (L50 '409 not_submitted')	Remove the DRAFT guard at submissions.ts:434-436 so review of any status succeeds as in v1; delete the 409 from the plan-02 contract and its test.	-
G3	08-submissions	R29	ALREADY-V1	REG-87	src/app/leader/submissions/[publicId]/page.tsx:107; src/components/assignments/submission-review-form.tsx:43,59	Button reads 'Update review' once the submission has reviewedAt.	apps/mobile/app/(app)/submission/[publicId].tsx:44,94 switches to 'Update review' when reviewedAt is set.	-	-	HEAD matches v1.
G3	08-submissions	R42	KEEP-FIX	-	src/lib/submissions-query.ts:59; src/app/api/v1/submissions/[publicId]/route.ts:33	File listing returns storagePath to every reader.	apps/backend/src/routes/submissions.ts:56-70 omits storagePath; files addressed by id.	-	-	Security hole (spec D1/D7): storagePath plus v1's login-only /api/uploads route lets any user read any student's files; no user-visible capability lost.
G3	08-submissions	R44	KEEP-FIX	-	src/lib/submissions-query.ts:112-121	Leader queue = submissions of students currently in the leader's groups (GroupStudent).	apps/backend/src/lib/permissions.ts:714-733 scope from SeasonEnrollment rows naming the leader's groups.	-	-	C9: GroupStudent is global, not per season; v1 attributes a student's past-season work to whoever leads their current group (wrong rows shown).
G3	08-submissions	R45	REVERT	REG-88	src/lib/submissions-query.ts:126	Queue lists SUBMITTED, REVIEWED and RETURNED work (never DRAFT).	API excludes DRAFT (submissions.ts:116) but mobile app/(app)/submissions.tsx:10 hardcodes pendingOnly:true, so REVIEWED/RETURNED never appear.	plan-02 Task 3 (L627; PENDING const L790; test URL L684)	Set the queue screen to pendingOnly:false (or drop the param) so all three statuses show in v1's status-then-recency order; keep the API's DRAFT exclusion; update plan-02 Task 3 code and the test's expected URL; empty-state copy 'No submissions yet'.	-
G3	08-submissions	R46	ALREADY-V1	-	src/lib/submissions-query.ts:123-127	Queue is not filtered by season or assignment.	apps/mobile/src/hooks/use-submission-queue.ts:17 sends seasonId only if given and submissions.tsx:10 never gives one; submissions.ts:117 applies it only when present.	-	-	With no seasonId the queue is unscoped like v1; the optional filter is unused by the app.
G3	08-submissions	R47	ALREADY-V1	REG-89	src/lib/submissions-query.ts:128	Order is status asc then submittedAt desc.	apps/backend/src/routes/submissions.ts:144-148 orders status asc, submittedAt desc, id desc.	-	-	Fixed in PR #18.
G3	08-submissions	R48	KEEP-FIX	-	src/lib/submissions-query.ts:115-119, 149	Row's group name is the student's current GroupStudent group.	apps/backend/src/routes/submissions.ts:166-201 group from the enrollment in the assignment's season.	-	-	C9: current GroupStudent mislabels past-season work with the wrong group.
G3	08-submissions	R49	ALREADY-V1	REG-89	src/lib/submissions-query.ts:70-73	Detail shows the student's group.	apps/backend/src/routes/submissions.ts:221-253 returns groupName; mobile submission/[publicId].tsx:74 shows it.	-	-	Fixed in PR #18 (group sourced per C9).
G3	08-submissions	R51	ALREADY-V1	REG-89	src/app/leader/submissions/page.tsx:13-22	Header reads 'N pending review · M total · K late'.	apps/backend/src/routes/submissions.ts:127-135 counts; mobile app/(app)/submissions.tsx:55-58 renders the same string.	-	-	Fixed in PR #18.
G3	08-submissions	R52	REVERT	-	src/lib/submissions-query.ts:123-147; src/app/leader/submissions/page.tsx:12	Leader queue loads every row in one list.	apps/backend/src/routes/submissions.ts:142-150 cursor pages (limit<=100); mobile submissions.tsx:71-78 shows 'Load more'.	plan-02 Task 3 'Submissions queue with cursor pagination' (L627-871, Load more L845, test L672-692); spec 08 D12	Return the whole reachable list (no cursor/limit, or mobile auto-fetches every page before rendering) and remove the 'Load more' button; rewrite plan-02 Task 3 and its test accordingly.	-
G3	08-submissions	R54	ALREADY-V1	REG-90	src/components/ui/rich-text-view.tsx:11-31, 43	Text and feedback are stored HTML shown through an allow-list sanitiser.	apps/backend/src/routes/submissions.ts:239-240 returns htmlToPlainText(text/feedback).	-	-	The ledger gap (raw HTML on the wire) is fixed in PR #18; plain-text rendering is ruling C11 (nothing renders as HTML).
G3	08-submissions	R57	REVERT	REG-60	src/app/mentor/dashboard/page.tsx:79-91	Mentor dashboard lists the 8 most recent SUBMITTED/REVIEWED submissions across all seasons, as its own list.	apps/backend/src/lib/queries/dashboard.ts:171-273 one merged feed of attendance+submissions+reviews, live assignments/non-graduated students only, reviews at reviewedAt.	plan-16 Divergence ledger row 16 (L72, D18), loadMentorDashboard code (L1621-1700), API doc line (L1807)	Restore v1's separate 'recent submissions' list: 8 newest SUBMITTED|REVIEWED by submittedAt desc, no season/graduation/soft-delete filters, alongside v1's separate attendance list; drop the merge and the reviewedAt event. Change dashboard.ts:171-273 and plan-16 row 16.	-
G3	09-notes	R4	REVERT	-	src/lib/note-actions.ts:46-54	A note with no season given is filed under the student's StudentProfile.activeSeasonId (null if none).	apps/backend/src/routes/notes.ts:159-166 defaults to the student's newest ACTIVE SeasonEnrollment; the mobile composer never sends seasonId (student/[id]/index.tsx:307).	plan-12 Task 3 note writes (L1415; default-season code L1847, comment L431-433)	Default seasonId from studentProfile.activeSeasonId (null when unset) at notes.ts:159-166, as v1; keep the optional explicit seasonId path; update the plan-12 Task 3 code/test.	-
G3	09-notes	R6	KEEP-FIX	-	src/components/ui/rich-text-editor.tsx:23; src/lib/note-actions.ts:61; src/components/students/student-detail.tsx:328-331	Note bodies are TipTap HTML stored verbatim and rendered with dangerouslySetInnerHTML.	apps/backend/src/routes/notes.ts:174 escapes+wraps on write; read strips tags (plain text on the wire).	-	-	C11 + XSS: unsanitised stored HTML executed in admin/SUPER sessions; RN cannot render it anyway.
G3	09-notes	R12	REVERT	-	src/components/students/mentor-note-composer.tsx:23,47-48,87-92; src/components/students/note-form.tsx:29,75-98	The /mentor/notes composer writes MENTORS-visibility notes with a 'Flag for admin follow-up' checkbox; the student-detail composer offers all three visibilities plus the follow-up checkbox.	Only a student-detail composer exists (apps/mobile/app/(app)/student/[id]/index.tsx:265-310), visibility chips but followUpFlagged hard-coded false (L307); no composer on /notes.	plan-12 Divergence ledger row 18 (L109); Task 5 authored-notes screen (L2730); Task 6 student-detail composer (L3188)	Add v1's mentor composer to app/(app)/notes.tsx (student picker + body + 'Flag for admin follow-up', visibility fixed MENTORS); add the 'Flag for admin follow-up' toggle to the student-detail composer and send its value instead of false (index.tsx:307). Rewrite plan-12 row 18 and Tasks 5/6.	-
G3	09-notes	R16	KEEP-FIX	-	src/lib/note-actions.ts:83	Follow-up notification body is the first 140 chars of the raw HTML note.	apps/backend/src/routes/notes.ts:196-202 fixed body, no excerpt.	-	-	Privacy leak (spec D2): the excerpt reaches every season admin's inbox, including admins who cannot read a MENTORS/LEADERS note in the app (R36).
G3	09-notes	R17	KEEP-FIX	-	src/lib/notifications.ts:56-96; src/lib/email.ts:145-150	Notification body is interpolated unescaped into the HTML email.	apps/backend/src/lib/email.ts:105 escapes every interpolation; no note text in the body.	-	-	C11: unescaped HTML in mail, plus the D2 privacy leak.
G3	09-notes	R19	REVERT	REG-37	src/lib/notifications.ts:22, 62-75	Admins with mentorFollowup=false get no in-app row and no email.	apps/backend/src/lib/notifications.ts:62-80 always writes the in-app row; preference only suppresses email.	plan-13 header decision 1 D4 (L88-91), Task 2 Step 5 (L857-890), Step 8 (L1039-1060); DROPPED.md REG-37	Same change as 08-R23: filter opted-out recipients before createMany in createNotificationsBulk so the preference suppresses row and email (and push).	-
G3	09-notes	R28	KEEP-FIX	-	src/lib/note-actions.ts:121-131 (no UI caller, spec R31)	Author-only hard delete exists but no screen calls it, so nobody can delete a note.	apps/backend/src/routes/notes.ts:258-264 DELETE answers 501 for everyone; no delete UI.	-	-	C12: deleteNoteAction never ran (no caller); user-visible behaviour (notes cannot be deleted) is identical.
G3	09-notes	R29	KEEP-FIX	-	src/lib/note-actions.ts:129; prisma/schema.prisma:572-588	Delete would be a hard delete with no tombstone (unreachable).	apps/backend/src/routes/notes.ts:245-264 no delete shipped.	-	-	C12 dead code; plus hard delete of safeguarding records is data loss (spec D4 #2).
G3	09-notes	R30	KEEP-FIX	-	src/lib/note-actions.ts:126	Missing id returns {ok:false} (unreachable action).	apps/backend/src/routes/notes.ts:258-264 501 for any id.	-	-	C12: the action had no caller, so its error shape is not a requirement.
G3	09-notes	R38	KEEP-FIX	-	src/lib/students-query.ts:388-403, 470-480	Student detail loads every note about the student and each page must filter by visibility afterwards.	apps/backend/src/lib/queries/notes.ts:95-111 visibility in the query; notes still shown on the student screen via their own endpoint (apps/mobile/app/(app)/student/[id]/index.tsx:330-360).	-	-	C8 privacy: an unfiltered payload becomes a leak once it is an API response; users still see the same notes on the same screen.
G3	09-notes	R39	KEEP-FIX	-	src/lib/students-query.ts:486-498; src/app/admin/students/[id]/page.tsx:20	canViewStudent and visibility filtering are separate page conventions.	apps/backend/src/routes/notes.ts:94-102 both gates in the handler.	-	-	C8: row gate must live at the API; no user-visible change.
G3	09-notes	R40	KEEP-FIX	-	src/lib/students-query.ts:275, 388-389, 431	Students never see notes, only because no student page renders StudentDetail.	apps/backend/src/routes/notes.ts:81-83 explicit 403 for STUDENT.	-	-	C8: v1's protection was the absence of a page; same user-visible result (students see no notes), now enforced.
G3	09-notes	R41	KEEP-FIX	REG-100	src/lib/students-query.ts:392-393	Only the 100 newest notes load; older notes are silently unreachable.	apps/backend/src/lib/queries/notes.ts:95-118 cursor pages; mobile student/[id]/index.tsx:356-363 'Load more'.	-	-	Borderline: v1's cap makes the 101st+ pastoral note unreachable anywhere (silent data loss to the reader). If the owner treats it as a plain cap, revert = take:100, no cursor (plan-12 Task 2 L656).
G3	09-notes	R44	REVERT	-	src/app/mentor/notes/page.tsx:21	Only MENTOR has a 'my notes' page.	packages/shared/src/navigation.ts:58-63,85,105 add 'My notes' for ADMIN/LEADER/SUPER; routes/notes.ts:108-119 serves all four.	plan-12 Divergence ledger row 16 (L107); spec 09 D14	Restrict GET /me/notes to MENTOR (403 otherwise) and remove the 'My notes' entries for SUPER/ADMIN/LEADER from navigation.ts:58-105; keep MENTOR's /notes tab.	-
G3	09-notes	R45	REVERT	-	src/app/mentor/notes/page.tsx:27-31	The mentor notes page has a student picker listing every non-deleted student (alumni included) and filters the list by ?student.	No picker anywhere; notes are only composed from a student's detail screen.	plan-12 Divergence ledger row 18 (L109); Task 5 (L2730)	Add the v1 picker to the /notes composer: all role STUDENT, deletedAt null, ordered by name (alumni included), plus the per-student filter of the authored list; serve it from an endpoint MENTOR can call.	-
G3	09-notes	R47	REVERT	-	src/lib/auth/permissions.ts:410-417	An ADMIN may write a note only when the student's activeSeasonId is a season they administer.	apps/backend/src/lib/permissions.ts:452-459 any SeasonEnrollment in the admin's seasons.	plan-12 Divergence ledger row 10 (L101); Task 3 gate code (L1761-1765) and test (L1620)	canWriteNote ADMIN branch: read studentProfile.activeSeasonId, false if null, else isAdminOfSeason (permissions.ts:452-459); drop the 'no activeSeasonId' test.	-
G3	09-notes	R48	REVERT	-	src/lib/auth/permissions.ts:411-416	An admin cannot write about a student with no active season, even one enrolled in their season.	apps/backend/src/lib/permissions.ts:452-459 allows it.	plan-12 Divergence ledger row 10 (L101); test L1620	Same change as R47.	-
G3	09-notes	R49	KEEP-FIX	-	src/lib/auth/permissions.ts:418-425	LEADER write right comes from the student's GroupStudent group.	apps/backend/src/lib/permissions.ts:461-468 uses SeasonEnrollment.groupId.	-	-	C9: GroupStudent is global; season-scoped membership must come from SeasonEnrollment.
G3	09-notes	R50	KEEP-FIX	-	src/lib/auth/permissions.ts:419-423	Leader's write right follows the student's current global group across all seasons.	apps/backend/src/lib/permissions.ts:461-468 per-season enrollment group.	-	-	C9 global-group mistake.
G3	09-notes	R55	KEEP-FIX	REG-61	src/lib/engagement.ts:27-30, 38	Attendance % divides by every past session in the season, including ones before the student enrolled.	apps/backend/src/lib/queries/engagement.ts:149-153 counts past sessions from enrolledAt.	-	-	Provably wrong value (C5 class): a mid-season joiner is scored absent for sessions that ran before they existed.
G3	09-notes	R56	KEEP-FIX	REG-61	src/lib/engagement.ts:42-43	A season with no past sessions scores 0% and flags every student at risk.	packages/shared/src/note.ts:141-145 isAtRisk ignores zero denominators (pct still 0).	-	-	Provably wrong flag: 0 of 0 sessions is not 'below 60%'; the whole cohort is flagged on day one.
G3	09-notes	R59	KEEP-FIX	-	src/lib/engagement.ts:46-49, 56	Assignment targeting for the score uses GroupStudent.	apps/backend/src/lib/queries/engagement.ts:159-163 SeasonEnrollment.groupId.	-	-	C9.
G3	09-notes	R64	KEEP-FIX	-	src/lib/engagement.ts:21-24	Engagement computation has no authorization; any student/season.	apps/backend/src/routes/engagement.ts:53-70 gated by canViewStudent and season scope.	-	-	C8: an ungated score becomes a leak once exposed as an endpoint.
G3	09-notes	R68	REVERT	-	src/app/student/dashboard/page.tsx:85-86; src/app/student/profile/page.tsx:61-63	Student dashboard and profile show max(0,100-budgetPct) labelled 'Attendance'.	apps/mobile/app/(app)/profile.tsx:182 same number labelled 'Absence budget left' (also the dashboard tile).	plan-16 Divergence ledger row 12 (L68, spec 19 D14); plan-11 Task profile (L2936, test L3007)	Label the tile 'Attendance' on profile.tsx:182 and the student dashboard tile, as v1; change plan-11/plan-16 text and tests.	-
G3	09-notes	R71	KEEP-FIX	REG-61	src/lib/engagement.ts:173-249	Budget-based computeAtRiskStudents (no callers).	Not ported; packages/shared/src/note.ts:141-145 is the only predicate.	-	-	C12: the function has no caller (R72), so it never ran.
G3	09-notes	R72	KEEP-FIX	-	src/lib/engagement.ts:173	computeAtRiskStudents is dead code.	Not ported.	-	-	C12.
G3	09-notes	R73	ALREADY-V1	REG-61	src/app/mentor/dashboard/page.tsx:17, 57-64	Mentor at-risk = attendancePct<60 or submissionPct<60, sorted by score, top 10.	packages/shared/src/note.ts:141-145 same component-wise predicate; MentorDashboard.tsx:64-90 lists it capped with total.	-	-	Predicate is v1's mentor one (zero-guard is R56). Copy differences are under R76.
G3	09-notes	R74	REVERT	REG-61	src/lib/reports-query.ts:169-172	Reports' at-risk list is composite score<60, sorted ascending, top 10.	apps/backend/src/lib/queries/reports.ts:298-308 uses band AT_RISK = isAtRisk (component-wise).	plan-15 D-17.2 (L310-320); plan-12 Divergence ledger row 12 (L103)	Reports at-risk list: filter score < 60, sort by score asc, cap 10 (reports.ts:298-308), independent of isAtRisk; rewrite D-17.2.	-
G3	09-notes	R75	REVERT	REG-61	src/lib/reports-query.ts:47-59	Bands: High>=80, Medium>=60, Low>=40, else 'At risk', by composite score.	packages/shared/src/reports.ts:53-58 AT_RISK first via isAtRisk, then HIGH 80, MEDIUM 60, else LOW (no 40 cut).	plan-15 D-17.2 (L310-320)	bandFor = score>=80 HIGH, >=60 MEDIUM, >=40 LOW, else AT_RISK (packages/shared/src/reports.ts:53-58); rewrite D-17.2.	-
G3	09-notes	R76	REVERT	REG-61	src/app/mentor/dashboard/page.tsx:115-122	Mentor card empty state: 'Nobody flagged' / 'All students above the 60% engagement threshold.' under the heading 'Flagged for follow-up'.	apps/mobile/src/components/dashboard/MentorDashboard.tsx:55-67 heading 'At risk', empty 'Nobody at risk' / 'No student has attendance or submissions below 60%.'	plan-16 Divergence ledger row 15 (L71) and test (L3004)	Use v1's heading and empty-state text in MentorDashboard.tsx:55-67; keep each screen's own definition (mentor component-wise, reports composite) rather than one shared predicate; update plan-16 row 15 and its test string.	-
G3	09-notes	R77	REVERT	REG-45	src/lib/reports-query.ts:142-154, 177-190	Engagement export is a CSV with name, email, season, attendancePct, submissionPct, score, one row per active enrollment.	apps/backend/src/lib/exports/engagement-workbook.ts:40-62 XLSX only, extra band column.	plan-15 D-17.7 (L458) and Divergence rows 12, 15 (L241, L244)	Ship the CSV engagement export with v1's six columns and row set (share sheet on mobile); drop the band column; '?format=csv' must work.	-
G3	09-notes	R79	KEEP-PLATFORM	REG-61	src/lib/engagement.ts:27, 31, 46, 50	Four DB round-trips per student per score.	apps/backend/src/lib/queries/engagement.ts:54-125 constant-query cohort computation.	-	-	Internal query shape only, no user-visible behaviour; under React Query refetch-on-focus 4N queries per focus is not viable (spec D10).
G3	09-notes	R80	KEEP-PLATFORM	REG-61	src/app/mentor/dashboard/page.tsx:24-55	Mentor dashboard fans out 4N concurrent queries.	apps/backend/src/routes/engagement.ts:134-178 cohort endpoint.	-	-	Same as R79: query plan, not behaviour.
G3	09-notes	R81	KEEP-PLATFORM	REG-61	src/lib/reports-query.ts:143-154	Reports computes scores in a sequential loop.	apps/backend/src/lib/queries/reports.ts:428 one computeEngagementForSeasons call.	-	-	Same as R79.
G3	09-notes	R84	KEEP-PLATFORM	REG-61	src/lib/students-query.ts:341-358	Student detail runs two count queries per enrolled season.	apps/backend/src/lib/queries/students.ts:244-250 sub-resources on separate endpoints; per-season attendance % still shown (student/[id]/index.tsx:151-153).	-	-	Query shape only; the same per-season figures are on screen.
G3	09-notes	R85	KEEP-FIX	-	src/components/students/student-detail.tsx:101-125	Score protected only by which page renders the card.	apps/backend/src/routes/engagement.ts:53-70 gated endpoint.	-	-	C8.
G3	09-notes	R87	REVERT	-	src/app/student/profile/page.tsx:61-63, 88-91	Student sees inverted budget labelled 'Attendance'.	apps/mobile/app/(app)/profile.tsx:182 labelled 'Absence budget left'.	plan-16 row 12 (L68); plan-11 L2936/L3007	Same as R68: label 'Attendance'.	-
G3	09-notes	R88	REVERT	REG-45	src/app/api/reports/export/route.ts:12-29	Engagement CSV downloadable by SUPER, MENTOR, scoped ADMIN; no season param = every season for SUPER/MENTOR.	apps/backend/src/routes/exports.ts:82-120 same roles/scope but XLSX only.	plan-15 D-17.7 (L458), Divergence row 12 (L241)	Serve the CSV (same role/scope rules, which already match) instead of XLSX; see R77.	-
G3	09-notes	R90	REVERT	-	src/components/students/student-detail.tsx:320; src/app/mentor/notes/page.tsx:103	Note dates are formatted on the server, so every reader sees the same calendar date.	apps/mobile/app/(app)/notes.tsx:42 and student/[id]/index.tsx NoteCard format createdAt with date-fns in the device zone (src/lib/format.ts:11-18).	plan-12 Task 5 (L2730) and Task 6 (L3188) note card rendering	Format note dates in config.orgTimezone (server sends an org-day string or the client formats with the org zone) so all readers see one date, as v1's server render did (C2).	-
G3	10-notifications	R2	KEEP-PLATFORM	-	prisma/schema.prisma:594-607	A notification is type + a v1 web-path link string.	packages/shared/src/notification.ts:44-55 adds a derived target beside the raw link (link still written verbatim, X1).	-	-	v1 links are Next.js role-prefixed web paths; the Expo app's flat route tree cannot open them without translation. No user-visible v1 capability is lost.
G3	10-notifications	R4	KEEP-FIX	-	src/lib/attendance-notifications.ts:73; src/app/leader/layout.tsx:7; src/components/role-layout.tsx:27-32	A recipient whose role does not match the link's prefix (mentor with a GroupLeader row, alumnus) is bounced away from their own notification.	apps/backend/src/lib/notification-target.ts:20-51 maps role-prefixed links to flat targets, so the notification opens.	-	-	Broken flow: v1 notification leads to a redirect away from the content it announces.
G3	10-notifications	R8	REVERT	REG-37	src/lib/notifications.ts:36, 71-76	Opted-out recipients get no in-app row and no email.	apps/backend/src/lib/notifications.ts:62-80 always writes the row; preference suppresses email only.	plan-13 decision 1 'D4' (L88-111), Task 2 Step 5 (L857-890), Step 8 opt-out test (L1039-1060), Task 9 toggle copy (L2995); DROPPED.md REG-37	Filter opted-out recipients before createMany (no row, no email; push follows the same switch) in createNotificationsBulk; rewrite plan-13 decision 1, Task 2 Steps 5/8 and the Task 9 toggle help text to v1 semantics.	-
G3	10-notifications	R9	REVERT	REG-37	src/lib/notifications.ts:36-53, 62-94	One preference switch governs both channels.	apps/backend/src/lib/notifications.ts:35-46 preference governs outbound only.	plan-13 decision 1 (L88-111)	Same change as R8.	-
G3	10-notifications	R11	REVERT	REG-37	src/lib/notifications.ts:75	If every recipient opted out nothing is written.	apps/backend/src/lib/notifications.ts:70-82 rows written regardless.	plan-13 Task 2 Step 5 (L857-890)	Same change as R8: early return when the filtered list is empty.	-
G3	10-notifications	R22	ALREADY-V1	-	src/lib/email.ts:16-23	Unconfigured transport throws; notification callers swallow it, so no mail and no crash.	apps/backend/src/lib/email.ts:125-134 returns early with a warning: no mail, no crash.	-	-	Observable behaviour identical (spec says so at email.ts comment).
G3	10-notifications	R24	REVERT	-	src/lib/email.ts:98-104, 127-133	With email unconfigured, sending an invite or password reset fails and the user sees the error.	apps/backend/src/lib/email.ts:166-178 sendInviteEmail returns silently ('Invites are still issued'); lib/auth/password-reset.ts:60 returns silently; only bulk invite refuses (routes/users.ts:231-238).	plan-09 invite email (L1528); plan-10 reset guard (L2424); spec 10 D9	When email is unconfigured, single invite (users.ts:477, 509; students.ts:222; lib/invites.ts:163) fails with an error to the caller as v1 did instead of issuing silently; reset follows spec 11's v1 rule.	-
G3	10-notifications	R28	REVERT	REG-38	src/lib/email.ts:142-143, 149	Notification email has a 'View in JPC Space' button (AUTH_URL + link) when AUTH_URL is set.	apps/backend/src/lib/email.ts:136-137 still builds it, but plan-18 Task 2b.4 removes the button after cutover.	plan-18 Task 2b.4 (L2901-2952); DROPPED.md REG-38	Keep an 'Open' button after cutover pointing at the app (deep link / universal link built from entityType/entityId) instead of dropping it.	-
G3	10-notifications	R29	KEEP-FIX	-	src/lib/email.ts:49, 100, 147, 156	Title and body are interpolated raw into HTML mail.	apps/backend/src/lib/email.ts:98-109 escapeHtml on title, body, link.	-	-	C11: unescaped user-controlled HTML in email.
G3	10-notifications	R33	REVERT	-	src/components/notifications/notifications-page.tsx:17	Inbox shows the 100 most recent notifications in one list.	apps/backend/src/routes/notifications.ts:70-102 cursor pages (default 20); mobile use-notifications.ts:34 limit 20 with load-more.	plan-13 Task 3 inbox endpoints (L1101, schema L472, list L1420-1442); Task 6 hook (L2199-2210); Task 7 inbox screen (L2309)	GET /notifications returns the newest 100 (createdAt desc) with no cursor; mobile renders one list without paging; update plan-13 Tasks 1/3/6/7 and tests.	-
G3	10-notifications	R36	REVERT	-	src/components/app-shell.tsx:55-57	The bell with unread count (and recent list) is in the shell on every page for every role.	apps/mobile/src/components/NotificationBell.tsx used only by src/components/dashboard/DashboardFrame.tsx; count polled every 60s (use-notifications.ts:59).	plan-13 Task 8 'unread bell on the dashboard' (L2722)	Mount the bell in the shared screen header so it shows on every screen, as v1; the lightweight unread-count endpoint and polling can stay.	-
G3	10-notifications	R37	KEEP-FIX	-	src/components/notifications/notifications-page.tsx:17, 33	Unread count is counted over the 100 fetched rows, understating beyond 100.	apps/backend/src/routes/notifications.ts:91-96 real count.	-	-	Provably wrong value: the header undercounts unread once a user has >100 notifications.
G3	10-notifications	R39	REVERT	-	src/components/notifications/notifications-page.tsx:14-27; src/lib/notifications.ts:111-126	No pagination and no read-state filter anywhere.	packages/shared/src/notification.ts:58-66 cursor + unreadOnly; hook supports unreadOnly (use-notifications.ts:29-35).	plan-13 Task 1 schema (L310-314, L471-473), Task 3 (L1245, L1432-1434), Task 6 (L2203-2209)	Remove cursor and unreadOnly from the list contract and hook; see R33.	-
G3	10-notifications	R47	REVERT	-	src/lib/notification-actions.ts:14-18	Marking one notification read is unreachable; only 'mark all read' exists.	apps/backend/src/routes/notifications.ts:135-151 POST /read accepts ids for single marking.	plan-13 Task 3 mark-read (L1101+), Task 6 (L2243)	Drop the ids form of POST /read (mark-all only), consistent with reverting R48.	-
G3	10-notifications	R48	REVERT	-	src/components/notifications/notification-bell.tsx:133-139; src/components/notifications/notifications-page.tsx:75-81	Opening a notification just navigates; it stays unread.	apps/mobile/app/(app)/notifications.tsx:75 marks it read on press.	plan-13 Task 6 mark-on-open rationale (L2243) and Task 7 inbox screen (L2642)	Remove the markRead on press at notifications.tsx:75; keep only the 'Mark all read' button (L102).	-
G3	10-notifications	R56	REVERT	REG-101	src/lib/settings-actions.ts:58-64	Preferences form/action has five fields; quizGraded is not settable.	apps/backend/src/routes/me.ts:274-286 PUT requires all six keys incl. quizGraded.	plan-13 Task 4 preferences (L1554); Task 1 schema test (L256-275); Task 9 six toggles (L2912)	PUT accepts v1's five keys and leaves quizGraded untouched; mobile shows five toggles.	-
G3	10-notifications	R57	REVERT	REG-101	src/components/settings/settings-form.tsx:27-53; src/lib/settings-actions.ts:72-73	QUIZ_GRADED cannot be switched off.	apps/mobile/src/components/NotificationPreferences.tsx offers a quiz-graded toggle.	plan-13 Task 9 (L2912)	Remove the quiz-graded toggle; see R56.	-
G3	10-notifications	R60	KEEP-FIX	-	src/components/settings/settings-form.tsx:46; src/lib/attendance-notifications.ts:32-33	Help text says 'misses 3 in a row' but the flag fires after two.	apps/mobile/src/components/NotificationPreferences.tsx:36-39 'misses two consecutive sessions'.	-	-	Provably wrong statement of the rule (threshold is two, attendance-notifications.ts take: 2).
G3	10-notifications	R62	KEEP-FIX	-	src/lib/assignment-actions.ts:84-92	Body 'Due <toLocaleString()>' in the server's zone/locale.	apps/backend/src/lib/assignment-writes.ts:104-108 same title/link, due time via formatInOrgTime.	-	-	C2: server's incidental zone (UTC on the host) prints the wrong local due time.
G3	10-notifications	R63	KEEP-FIX	-	src/lib/note-actions.ts:78-86	MENTOR_FOLLOWUP body is the first 140 chars of the note.	apps/backend/src/routes/notes.ts:184-206 same recipients/title/link, fixed body.	-	-	Privacy leak (spec 09 D2), as 09-R16.
G3	10-notifications	R64	KEEP-FIX	-	src/lib/note-actions.ts:61-63, 83; src/lib/notifications.ts:92	Excerpt ignores note visibility and is emailed to every season admin.	apps/backend/src/routes/notes.ts:196-202 no excerpt.	-	-	Privacy leak: MENTORS/LEADERS note text reaches admins who cannot read it.
G3	10-notifications	R66	ALREADY-V1	REG-91	src/lib/submission-actions.ts:193-198	Title 'Feedback ready on \"<title>\"', no body, link /student/assignments/:id.	apps/backend/src/routes/submissions.ts:457-462 uses v1's title and link for a review.	-	-	Fixed in PR #18; the extra 'returned for revision' title goes away with 08-R21's revert.
G3	10-notifications	R67	KEEP-FIX	-	src/lib/session-actions.ts:161-169	Title 'Session \"<new title>\" rescheduled', body 'New time: <toLocaleString()>', link /student/calendar.	apps/backend/src/routes/sessions.ts:383-388 identical title and link; body time via formatInOrgTime.	-	-	Title already v1; only the time differs, by C2 (server zone gives wrong local time).
G3	10-notifications	R69	REVERT	-	src/lib/quiz-actions.ts:165-167, 481-483, 552-554	QUIZ_GRADED bodies: 'Your quiz has been graded. Check your quiz results.' / 'Your quiz was auto-graded. Check your quiz results.'	apps/backend/src/routes/quizzes.ts:1092-1093, 1333-1334, 1626-1627 bodies 'Your quiz was graded automatically.' / 'Your quiz has been graded.'; plus a retake notice at 1426-1431 v1 never sent.	plan-08 auto-grade body (L3025), essay (L3581-3588), paper (L4084-4094)	Use v1's exact body strings at the three sites; drop the v2-only retake QUIZ_GRADED notice (quizzes.ts:1426-1431) unless spec 12 rules otherwise.	-
G3	10-notifications	R70	REVERT	-	src/lib/quiz-actions.ts:137, 157, 161-169	Paper grading notifies only students graded for the first time; re-grades are silent.	apps/backend/src/routes/quizzes.ts:1610-1625 notifies on first grade or any score change.	plan-08 paper grading (L4084-4094, 'D8 single rule'); test L3790	Notify only students whose previous gradedAt was null (keep one bulk send).	-
G3	10-notifications	R71	REVERT	-	src/lib/quiz-actions.ts:549-555	Essay grading notifies on every save.	apps/backend/src/routes/quizzes.ts:1325-1336 only when score changed.	plan-08 essay grading (L3581-3588; test L3225)	Notify unconditionally on every essay grade save, as v1.	-
G3	10-notifications	R75	KEEP-FIX	-	src/lib/assignment-actions.ts:85; src/lib/session-actions.ts:161; src/lib/submission-actions.ts:193	A notification-table failure after the business write commits is reported to the user as a failed action.	apps/backend/src/lib/best-effort.ts:15-21 catches and logs; the write reports success.	-	-	False failure on a committed write invites a retry, producing double writes (duplicate assignments/notes).
G3	10-notifications	R76	KEEP-FIX	-	src/lib/notifications.ts:92-94 vs R75 sites	Email failures are invisible while notification-row failures surface as false failures.	apps/backend/src/lib/best-effort.ts:15-21 both best-effort, logged.	-	-	Same defect as R75.
G3	10-notifications	R77	KEEP-FIX	-	src/lib/quiz-actions.ts:134-169	Paper grade upserts and notifications run in separate sequential loops, non-transactional.	apps/backend/src/routes/quizzes.ts:1580-1625 grades in one $transaction then one bulk notify.	-	-	Data inconsistency: a mid-loop failure leaves some students graded and some not.
G3	10-notifications	R79	KEEP-FIX	-	src/lib/assignment-actions.ts:89; src/lib/session-actions.ts:166	Frozen strings use the server's toLocaleString zone and locale.	apps/backend/src/lib/assignment-writes.ts:107; routes/sessions.ts:386 formatInOrgTime.	-	-	C2: server's incidental zone yields the wrong wall-clock time for recipients.
G4	11-invites-users	R9	KEEP-FIX	-	src/lib/rbac.ts:28-34	isAdminOfSeason/isLeaderOfGroup trust the SeasonAdmin/GroupLeader claim with no role check, so a stray row or a demoted user keeps season/group authority.	apps/backend/src/lib/rbac.ts:32-39 requires role ADMIN/LEADER alongside the claim (SUPER short-circuits).	-	-	C7: a claim without the matching role is a privilege-escalation hole (demoted ADMIN keeps season write power once an API exists).
G4	11-invites-users	R15	KEEP-FIX	-	src/lib/user-actions.ts:79-80; src/lib/invite-actions.ts:22	UI-created users get the shared temp password ChangeMe123!, so they are loginable immediately and never invitable.	apps/backend/src/routes/users.ts:443-459 creates the user with passwordHash null and mints an invite in the same transaction.	-	-	Account takeover: every UI-created account shares one static, logged, guessable password (spec 11 D2); the invite path is the only safe credential channel.
G4	11-invites-users	R17	REVERT	-	src/lib/invite-actions.ts:39-75	One click on Send N invites issues invites to every pending user in one action (and the per-user button sends one).	apps/backend/src/lib/invites.ts:137-142 sends at most 20 per POST; apps/mobile/app/(app)/users/index.tsx:74-93 tells the operator to tap again for the rest.	plan-10 Decision 12 (L155-165); plan-10 Task 4 (L1284) and Task 9 (L4737)	Keep the bounded server batch if needed for timeouts, but make one tap send ALL pending: the mobile PendingInvitesCard (users/index.tsx:74-93) loops POST /users/invites/pending until remaining==0 (or no progress) and shows one combined sent/failed summary; drop the 'tap again for the rest' copy. Decision 12 must say one operator action reaches every pending user, as v1.	-
G4	11-invites-users	R19	REVERT	-	src/lib/invites.ts:22-24	Resend invite adds a new invite and leaves the earlier one usable until it expires.	apps/backend/src/lib/invites.ts:49-52 expires every prior live invite when a new one is issued.	plan-09 Decision 5 (L58); plan-09 Task 4 (L1354)	Delete the updateMany at invites.ts:49-52 so issuing never expires earlier live invites; Decision 5 becomes 'issuing an invite inserts a new row and leaves earlier unused invites valid until expiresAt (v1 invites.ts:22-24)'. The bulk 'has a live invite' check stays.	-
G4	11-invites-users	R21	KEEP-FIX	-	src/lib/invites.ts:1,19-42	createInvite is an exported, unauthenticated server action that trusts invitedById and returns the raw token.	apps/backend/src/lib/invites.ts:40-58 issueInvite is internal, issuer comes from the SUPER-gated request, raw code goes only to the mailer.	-	-	Spec 11 D4: unauthenticated mint-and-return of an account-activation credential = unauthenticated account takeover of any user incl. SUPER.
G4	11-invites-users	R22	REVERT	-	src/lib/invites.ts:11-17	Invite lifetime defaults to 72 hours; a bad INVITE_TOKEN_TTL_HOURS silently falls back to 72.	apps/backend/src/lib/config.ts:39 defaults to 168 hours and fails boot on an invalid value.	plan-09 Decision 3 (L56)	config.ts:39: default(72) and, on a non-numeric/non-positive value, fall back to 72 instead of failing boot. Decision 3 becomes 'Invite TTL is v1's: INVITE_TOKEN_TTL_HOURS, default 72, invalid values fall back to the default'.	-
G4	11-invites-users	R23	KEEP-FIX	-	src/lib/invites.ts:20-23; prisma/schema.prisma:168	Invite tokens are stored in plaintext, so anyone reading the table holds live account-activation credentials.	apps/backend/src/lib/invites.ts:45-55 stores only the SHA-256 digest (same as reset tokens).	-	-	Security: plaintext credential at rest = account takeover from any DB read/backup (spec 11 D5). No v1 invite was ever acceptable (R34), so nothing usable is lost.
G4	11-invites-users	R24	REVERT	-	src/lib/invites.ts:32-33; src/lib/email.ts:117	The invite email's call to action is an Accept Invitation button linking to the accept page with the token.	apps/backend/src/lib/email.ts:163-197 mails only a code to type into the app; no link.	plan-09 Decision 6 (L59); plan-09 Task 4 (L1354) and Task 9 (L3645)	Give the invite email v1's 'Accept Invitation' button: a custom-scheme deep link spacev2://accept-invite?token=<code> (same scheme/config as the reset email, plan-10 Decision 10), with the code printed beneath as fallback. apps/mobile/app/accept-invite.tsx reads token from params, copies to state and clears it with router.setParams (as reset-password does). Decision 6 becomes 'link + code' instead of 'code, not a link'. v1's dead https query-string link is not restored (it 404'd).	-
G4	11-invites-users	R26	KEEP-FIX	-	src/lib/invites.ts:49	Accepting an invite needs a password of at least 8 characters, checked before the token; no maximum.	packages/shared/src/user.ts:21-26,123-126 also rejects passwords over 72 bytes (order kept).	plan-09 Task 1 passwordSchema (L255-266)	-	Security: bcrypt ignores bytes past 72, so a longer v1 password was never fully checked (spec 11 D8); kept for consistency with 18-R26.
G4	11-invites-users	R27	REVERT	-	src/lib/invites.ts:51-54	Accepting reports separately whether the invite is unknown, already used, or expired.	apps/backend/src/routes/auth.ts:114-128 returns one invalid_invite 400 for all three.	plan-09 Decision 12 (L65); plan-09 Task 4 (L1354) and Task 9 (L3645)	auth.ts:117-128: return distinct codes invalid_invite / invite_used / invite_expired in v1's order; accept-invite.tsx shows a distinct message for each. Keep the R31 refusals (activated/deactivated target) under invalid_invite. Decision 12's 'one opaque code' clause is replaced.	-
G4	11-invites-users	R31	KEEP-FIX	-	src/lib/invites.ts:59-62	Accepting an invite sets the password of the target account even if it is already active or deactivated.	apps/backend/src/routes/auth.ts:129-131 refuses when the target already has a password or is deactivated.	-	-	Spec 11 D4: an invite for an active account becomes a password reset without the old password; chained with R21 it is account takeover.
G4	11-invites-users	R34	KEEP-FIX	-	src/lib/invites.ts:33,48 (no caller; no src/app/accept-invite)	There is no accept-invite page; every invite link 404s and acceptInvite is never called.	apps/backend/src/routes/auth.ts:104-150 POST /auth/accept-invite and apps/mobile/app/accept-invite.tsx exist and work.	-	-	Broken/unreachable flow: v1's invite flow never completed (spec 11 D1).
G4	11-invites-users	R37	KEEP-FIX	REG-103	src/lib/user-actions.ts:20,32	The graduation-year ceiling is frozen at server start, so after New Year the new year's graduates are rejected until restart.	packages/shared/src/user.ts:66-79 evaluates the current year per call.	-	-	Provably wrong value: a valid current-year graduation year is refused depending on process uptime.
G4	11-invites-users	R39	KEEP-FIX	-	src/lib/user-actions.ts:70-81	Duplicate-email pre-check, then create; a concurrent duplicate surfaces as a raw Prisma error.	apps/backend/src/routes/users.ts:436-469 keeps the pre-check and maps P2002 to 409 email_taken.	-	-	Crash: the race loser gets an unhandled database error instead of the field error v1 intends.
G4	11-invites-users	R41	KEEP-FIX	-	src/lib/user-actions.ts:79-80	Every UI-created user gets the literal password ChangeMe123! (bcrypt 10).	apps/backend/src/routes/users.ts:447-458 writes passwordHash null and issues an invite; no temp password.	-	-	Account takeover: one static, guessable password shared by every UI-created account (spec 11 D2).
G4	11-invites-users	R42	KEEP-FIX	-	src/lib/user-actions.ts:95-97	The temp password is printed to the server log with the email and role.	apps/backend/src/routes/users.ts:476-483 logs user id and error only.	-	-	Security: plaintext credentials in logs (spec 11 D2).
G4	11-invites-users	R43	KEEP-FIX	-	src/components/users/user-form.tsx:183-188	The create form shows the operator the shared temp password.	apps/mobile/app/(app)/users/new.tsx:13-84 shows no password; none exists.	-	-	Follows R41: displaying a shared credential; nothing to display once the temp password is gone.
G4	11-invites-users	R44	KEEP-FIX	-	src/lib/auth/credentials.ts:25; src/lib/invite-actions.ts:22	A new account is loginable immediately with the temp password and can never be invited.	apps/backend/src/routes/users.ts:443-459 leaves it unloginable until the invite is accepted.	-	-	Follows R41 (account takeover via shared password).
G4	11-invites-users	R46	KEEP-FIX	-	src/lib/user-actions.ts:120-127; src/lib/auth/scopes.ts:14-17	Changing a user's role to STUDENT creates no StudentProfile, so they never get an active season.	apps/backend/src/routes/users.ts:323-329 upserts a StudentProfile on promotion to STUDENT.	-	-	Data inconsistency / broken flow: a STUDENT with no profile has null activeSeasonId forever and every student surface is empty.
G4	11-invites-users	R49	REVERT	-	src/lib/user-actions.ts:25-31; src/components/users/user-form.tsx:62-68	SUPER is a normal option in the role picker on create and edit; no extra confirmation.	apps/backend/src/routes/users.ts:291-298 and 430-432 refuse SUPER without confirmSuper:true; mobile user/[id].tsx:78-80 and users/new.tsx:84 show a confirm Alert.	plan-09 Task 3 (L884, D7 rec 3); plan-09 Decision 18 (L79); plan-10 Decision 13 (L166); plan-10 Task 4 (L1284)	Remove the confirm_super_required checks (users.ts:291-298, 430-432), the confirmSuper schema field (packages/shared/src/user.ts:100,117) and the SUPER confirm Alerts in user/[id].tsx and users/new.tsx; SUPER is selected and saved like any role.	-
G4	11-invites-users	R50	REVERT	-	src/lib/user-actions.ts:103-130	A SUPER can change their own role in the edit form.	apps/backend/src/routes/users.ts:280-288 refuses with 409 cannot_change_own_role.	plan-09 Task 3 (L884, D7 rec 1; L1214-1217)	Delete the self-role-change refusal at users.ts:280-288; the last-SUPER guard (R51) still prevents the lockout case.	-
G4	11-invites-users	R51	KEEP-FIX	-	src/lib/user-actions.ts:103-143	Nothing stops demoting or deactivating the last SUPER.	apps/backend/src/routes/users.ts:299-310 and 377-380 refuse with 409 last_super under row locks.	-	-	Unreachable flow: with zero SUPERs, user management is unreachable forever with no in-product recovery (spec 11 D7).
G4	11-invites-users	R52	KEEP-FIX	REG-104	src/lib/user-actions.ts:120-127	Updating a missing user id throws an unhandled Prisma error.	apps/backend/src/routes/users.ts:270-277 returns 404 not_found.	-	-	Crash: unhandled error instead of a not-found answer.
G4	11-invites-users	R52b	REVERT	REG-104	src/lib/user-actions.ts:120-127; src/app/super/users/[id]/edit/page.tsx:59-69	A deactivated user's edit page still saves name/role/graduation-year changes.	apps/backend/src/routes/users.ts:274-277 returns 404 for a soft-deleted target (REG-104 fix).	plan-18 / DROPPED.md REG-104 open-defect row 4 (L133, L169)	users.ts:276: refuse only when !target; let a soft-deleted user be edited as v1. Note: karen's register marked REG-104 FIX BEFORE CUTOVER; no concrete defect found (last-SUPER guard counts active SUPERs only), so owner should confirm.	-
G4	11-invites-users	R53	KEEP-FIX	-	src/lib/user-actions.ts:120-127	Demoting an ADMIN or LEADER leaves their SeasonAdmin/GroupLeader rows in place.	apps/backend/src/routes/users.ts:312-320 deletes SeasonAdmin rows on demotion from ADMIN and GroupLeader rows from LEADER.	-	-	Privacy leak / C7: the demoted user still appears as a group's leader or season admin to every reader of those tables (low-attendance notification recipients, note mentions, R60) and keeps receiving student data.
G4	11-invites-users	R54	KEEP-FIX	-	src/lib/auth.ts:71-84	A role change does not reach a signed-in user until they sign out; the old role keeps working.	apps/backend/src/routes/users.ts:337-341 revokes all refresh tokens on a role change (access token lives up to 900s).	-	-	C7: claims must not outlive a role change; a demoted user keeping powers is an authorization hole.
G4	11-invites-users	R55	ALREADY-V1	-	-	-	packages/shared/src/user.ts:89-120 enforces v1's server bounds (name 2-120, year 1990-current, alumni rule) on both sides; outcome identical to v1's server.	-	-	No user-visible difference: v1's server schema already rejected the same inputs; only the duplicate client copy is gone.
G4	11-invites-users	R56	KEEP-FIX	-	src/lib/user-actions.ts:137-140	Deactivation only stamps deletedAt; existing sessions stay valid.	apps/backend/src/routes/users.ts:381-383 also revokes all refresh tokens.	-	-	Spec 11 D6: a deactivated user keeps a working session (authorization hole).
G4	11-invites-users	R57	KEEP-FIX	-	src/lib/user-actions.ts:135; src/components/users/user-form.tsx:198-207	Deactivate on yourself silently does nothing (button still shown).	apps/backend/src/routes/users.ts:363-367 refuses with 400 cannot_deactivate_self.	-	-	Same refusal as v1; only the feedback differs. v1's silent no-op looks like success (broken flow, R58).
G4	11-invites-users	R58	KEEP-FIX	-	src/lib/user-actions.ts:132-143; src/components/users/user-form.tsx:122-126	The UI cannot tell the self-deactivation no-op from success.	apps/backend/src/routes/users.ts:363-367 returns a typed error the screen can show.	-	-	Broken flow: an action that fails silently; v2 reports the same refusal v1 made.
G4	11-invites-users	R61	KEEP-FIX	-	src/lib/user-actions.ts:137-140; src/lib/auth.ts:85-93	A deactivated user's current session keeps working.	apps/backend/src/routes/users.ts:381-383 revokes refresh; access token valid up to 900s.	-	-	Spec 11 D6 / C7: deactivation must evict.
G4	11-invites-users	R64	KEEP-FIX	-	src/lib/invites.ts:49; src/lib/auth/password-reset.ts:47; src/lib/settings-actions.ts:17	The only password rule is at least 8 characters; no maximum.	packages/shared/src/user.ts:21-26 adds a 72-byte maximum.	plan-09 Task 1 passwordSchema (L121-127, L255-266)	-	Security: bcrypt ignores bytes past 72, so a longer v1 password was never fully checked (spec 11 D8); kept for consistency with 18-R26.
G4	11-invites-users	R65	ALREADY-V1	-	-	-	packages/shared/src/user.ts:21-23 single constant with v1's min 8; same rule everywhere v1 applied it.	-	-	Implementation-only: one constant vs four copies of the same min-8 rule; the 72-byte cap difference is reverted under R64.
G4	11-invites-users	R66	REVERT	-	src/lib/auth/password-reset.ts:58; src/lib/settings-actions.ts:50; src/lib/invites.ts:56	Reset and change-password hash at bcrypt cost 10; invite acceptance at 12.	apps/backend/src/lib/auth/password-reset.ts:108 and routes/me.ts:130 hash at 12.	plan-09 Global Constraints (L41); plan-10 Decision 9 (L141)	Use cost 10 in password-reset.ts:108 and me.ts:130; keep 12 in auth.ts:133 (accept-invite, as v1). No user-visible effect beyond latency.	-
G4	11-invites-users	R69	KEEP-FIX	-	src/lib/auth/password-reset.ts:13-35	Forgot-password returns fast for unknown emails and slowly (awaits SMTP) for real ones.	apps/backend/src/routes/auth.ts:171-180 answers before doing the lookup and mail.	-	-	Privacy leak: response timing discloses whether an email has an account.
G4	11-invites-users	R75	REVERT	-	src/lib/email.ts:120; src/components/users/users-list.tsx:79-80	No expiry shown anywhere: the email says the invitation 'will expire soon' and the admin sees only an Invited badge.	apps/backend/src/lib/email.ts:186-188 states the exact expiry; users.ts:177-206 + user/[id].tsx:174-186 show issued/expiry/used dates and sender.	plan-09 Decision 6 (L59) and Decision 8 (L61); plan-09 Task 8 (L3174, test L3265)	Email copy back to v1's 'This invitation will expire soon — activate your account as soon as you can.'; user/[id].tsx shows only the status badge and Send/Resend invite button (v1 edit page :53-55), no dates. The detail payload may keep the fields but the screen must not render them.	-
G4	11-invites-users	R76	REVERT	-	src/lib/auth/password-reset.ts:23-29	Each forgot-password request adds a new reset link; earlier ones still work; no cooldown.	apps/backend/src/lib/auth/password-reset.ts:19-49,68-72 expires prior live tokens and ignores requests within 60s.	plan-10 Decision 9 (L135-137)	Remove expireLiveResetTokens from issuePasswordReset (password-reset.ts:47) and the 60s cooldown (L68-72); every request mints and mails a new token. Decision 9 bullets 1-2 removed.	-
G4	11-invites-users	R77	REVERT	-	src/lib/auth/password-reset.ts:47-56	Reset reports separately: invalid token, already used, expired.	apps/backend/src/routes/auth.ts:199-202 returns one invalid_reset_token.	plan-10 Decision 9 (L139); plan-10 Task 5 (L1902) and Task 10 (L5180)	completePasswordReset returns invalid|used|expired; auth.ts maps to invalid_reset_token / reset_token_used / reset_token_expired with v1's messages ('Invalid or expired reset token.', 'Reset token has already been used.', 'Reset token has expired.'); reset-password.tsx shows the message.	-
G4	11-invites-users	R78	REVERT	-	src/app/reset-password/page.tsx:16-20,45-49	The reset page shows the specific reason (invalid / used / expired).	apps/backend/src/routes/auth.ts:199-202 one message for all.	plan-10 Decision 9 (L139); plan-10 Task 10 (L5180)	Same as R77: the screen renders the distinct v1 message. (The token is still never re-emitted into a URL — R80 is not a parity item.)	-
G4	11-invites-users	R79	KEEP-FIX	-	src/lib/auth/password-reset.ts:60-69	Resetting a password revokes no session or other token.	apps/backend/src/lib/auth/password-reset.ts:110-125 revokes all refresh tokens and expires other reset/invite tokens.	-	-	Spec 11 D6: the remedy for a compromised account does not evict the attacker (authorization hole).
G4	11-invites-users	R83	KEEP-FIX	-	src/app/super/users/[id]/edit/page.tsx:44,53-55	UI-created users are always 'activated', so Invited/No invite and the invite button never appear for them.	apps/backend/src/routes/users.ts:443-459 new users start unactivated with an invite, so the Invited and No invite states are reachable.	-	-	Consequence of the R41 fix (shared temp password).
G4	11-invites-users	R84	REVERT	REG-102	src/app/super/users/page.tsx:16-17; src/components/users/users-list.tsx	The user list shows every user at once, no search/filters, deactivated users first then by name.	apps/backend/src/routes/users.ts:144-156 cursor-pages 50 by name with q/role/status filters; mobile users/index.tsx search box + infinite scroll.	plan-09 Task 2 (L451, L559, L748, L785); plan-09 Task 7 (L2825, L2991)	GET /users returns all users unpaged, orderBy [{deletedAt:'asc'} (nulls last, i.e. deactivated first), {name:'asc'}]; remove cursor/limit and the q/role/status filters and the mobile search box/infinite scroll.	-
G4	11-invites-users	R85	ALREADY-V1	REG-102	-	-	apps/backend/src/routes/users.ts:53-62,70-81 reads passwordHash in-process and returns only the derived status, as v1 page.tsx:35-44.	-	-	Same as v1: hash read server-side, reduced to a boolean/status before the client.
G4	11-invites-users	R86	ALREADY-V1	REG-102	-	-	apps/backend/src/routes/users.ts:158-162 looks up live invites for the returned rows; once R84 returns all rows this is v1's all-live-invites join.	-	-	No user-visible difference; badge results identical.
G4	11-invites-users	R88	REVERT	REG-102	src/app/super/users/page.tsx:55	The Users header shows 'N active · N total'.	apps/backend/src/routes/users.ts:152 returns a filtered count; mobile users/index.tsx shows no header counts.	plan-09 Task 7 (L2825)	Add the header line '{active} active · {total} total' to users/index.tsx computed over the full (unpaged, R84) list; total = all users, active = deletedAt null.	-
G4	11-invites-users	R89	ALREADY-V1	-	-	-	apps/backend/src/lib/email.ts:163-176 skips the send when unconfigured; users.ts:476-483 still reports success, like v1's swallowed throw (invites.ts:34-38).	-	-	Create and single invite behave as v1 (success, no mail). Bulk differs: see R89b.
G4	11-invites-users	R89b	REVERT	-	src/lib/invites.ts:34-38; src/lib/invite-actions.ts:53-75	With no mail transport, Send pending invites still mints invites and reports them sent.	apps/backend/src/routes/users.ts:231-238 refuses bulk with 503 email_not_configured.	plan-10 Decision 12 (L163)	Remove the isEmailConfigured 503 at users.ts:231-238; bulk mints and counts as v1 (failed sends handled per R17's plan).	-
G4	11-invites-users	R90	REVERT	-	src/lib/email.ts:112	The invite email says '<inviter name> has invited you' (unescaped).	apps/backend/src/lib/email.ts:149-162,178-182 puts no name in the mail.	plan-09 Task 4 (L1354, L1514)	Pass the inviter's name to sendInviteEmail and render '<strong>{escapeHtml(name)}</strong> has invited you' (fallback 'You've been invited'); escaping keeps C11.	-
G4	11-invites-users	R91	REVERT	-	src/lib/email.ts:117; src/lib/invites.ts:33	The invite email's call to action is one Accept Invitation button.	apps/backend/src/lib/email.ts:178-189 shows only a code to type.	plan-09 Decision 6 (L59)	Same change as R24: Accept Invitation button with the spacev2://accept-invite?token= deep link, code as fallback.	-
G4	12-quizzes	R6	REVERT	-	src/lib/quiz-actions.ts:20-27,51-61	A quiz can only be created from a session; sessionId is required.	packages/shared/src/quiz.ts:250 allows sessionId null and quizzes.ts:130-160 creates season-level quizzes (mobile quizzes.tsx:136 offers New quiz on the season list).	plan-08 'Spec-vs-schema contradiction' (L107-115); plan-08 Task 2 (L769); plan-08 Task 11 (L5540)	Make sessionId required (positive int) in the create schema (quiz.ts:250); create is reachable only from the session's quiz card, not the season-wide list. Keep handling of orphaned (SetNull) quizzes on read.	-
G4	12-quizzes	R7	KEEP-FIX	-	src/lib/quiz-actions.ts:51-61	Create writes the caller's sessionId and seasonId side by side without checking they match (the one page always passes a consistent pair).	apps/backend/src/routes/quizzes.ts:149-160 rejects a session from another season with 400 session_not_in_season.	-	-	Data inconsistency / C8: with an API the pair is caller-controlled, so a quiz could be filed in season A under a season-B session.
G4	12-quizzes	R10	KEEP-FIX	REG-51	src/lib/quiz-actions.ts:85-103	deleteQuizAction hard-deletes a quiz but nothing in v1 calls it; no delete control exists.	No quiz delete endpoint or control in v2.	-	-	C12: dead code that never ran is not a spec (spec 12 D9). v1 users also cannot delete a quiz, so behaviour matches.
G4	12-quizzes	R13	KEEP-FIX	-	src/lib/quiz-actions.ts:74-83,229-232	Editing questions on a quiz with graded attempts re-bases maxScore without recomputing past scores.	apps/backend/src/routes/quizzes.ts:378-386 refuses question writes once any attempt exists (quiz_has_attempts).	-	-	Provably wrong value (C5-type): past totals are shown against a new denominator, e.g. delete a question and a graded attempt exceeds 100% (spec 12 D3).
G4	12-quizzes	R14	KEEP-FIX	REG-105	src/lib/quiz-actions.ts:229-232,253-257,274-275	The question write and the maxScore recompute are separate statements; a failure between them leaves maxScore stale.	apps/backend/src/routes/quizzes.ts:399-412 runs the write and recompute in one transaction.	-	-	Data inconsistency: stale maxScore after a partial failure. No user-visible difference on the happy path.
G4	12-quizzes	R20	REVERT	REG-105	src/lib/quiz-actions.ts:228-231,253-256	Questions keep their creation order; there is no way to reorder them.	apps/backend/src/routes/quizzes.ts:497-535 PUT /quizzes/:id/questions/order plus up/down buttons in mobile quiz/[id]/edit.tsx:64-76,131-138.	plan-08 Task 3 (L1529, 'reorder'); plan-08 Task 11 (L5540); plan-08 Task 12 check 8 (L6769)	Remove the reorder endpoint (quizzes.ts:492-535), useReorderQuestions and the up/down controls in quiz/[id]/edit.tsx. Insert order stays the count.	-
G4	12-quizzes	R21	KEEP-FIX	REG-105	src/lib/quiz-actions.ts:228-231,274	Deleting a question leaves gaps in order; the next added question gets order = count, which can equal a surviving question's order.	apps/backend/src/routes/quizzes.ts:474-487 renumbers survivors 0..n-1 in the delete transaction.	-	-	Provable defect: there is no unique on (quizId, order) (schema QuizQuestion @@index only), so delete-then-add creates duplicate order values and the question order becomes unstable across reads/resumed attempts. Renumbering (or max+1 on insert) is the minimal fix; no other visible change.
G4	12-quizzes	R22	KEEP-FIX	-	src/lib/quiz-actions.ts:218-279	Questions can be added, edited and deleted on a published quiz even after students attempted or were graded.	apps/backend/src/routes/quizzes.ts:378-386 refuses add/edit/delete with quiz_has_attempts once any attempt exists; publish/unpublish unaffected.	-	-	Data corruption (spec 12 D3): edits after attempts rebase maxScore (R13), cascade-delete graded answers (R23) and re-point what students chose (R24). Owner may want prompt-text-only edits re-allowed; that would be the only narrower variant.
G4	12-quizzes	R23	KEEP-FIX	-	src/lib/quiz-actions.ts:274-275; prisma/schema.prisma:739	Deleting a question cascade-deletes every student's answer to it, graded ones included, while their scores keep its points.	apps/backend/src/routes/quizzes.ts:378-386 blocks question delete once attempts exist.	-	-	Data loss/inconsistency: graded answers destroyed and stored totals no longer match the answers.
G4	12-quizzes	R24	KEEP-FIX	-	src/lib/quiz-actions.ts:213-214	correctIndex and students' selectedIndex are positional, so editing options after attempts silently changes the key and what students 'chose'.	apps/backend/src/routes/quizzes.ts:378-386 freezes options once attempts exist; pre-attempt edits behave as v1.	-	-	Data corruption: past answers retroactively re-pointed (spec 12 D3).
G4	12-quizzes	R25	KEEP-FIX	REG-105	src/lib/quiz-actions.ts:218-236,74-83	The add-question action does not check kind; the builder page only redirects PAPER away.	apps/backend/src/routes/quizzes.ts:371-377 refuses question writes on a PAPER quiz with 409 wrong_quiz_kind.	-	-	Data corruption: once an API exists, adding a question to a PAPER quiz runs the recompute and overwrites its hand-set maxScore with the question sum; the questions are invisible orphans.
G4	12-quizzes	R30	REVERT	-	src/lib/quiz-actions.ts:288,306-309	Unpublish always works, whatever attempts exist.	apps/backend/src/routes/quizzes.ts:568-581 refuses unpublish with 409 quiz_has_graded_attempts when any attempt is GRADED.	plan-08 Task 3 (L1529, 'D4 gate'); plan-08 Task 12 check 5 (L6760)	Delete the graded-attempt guard at quizzes.ts:568-581 so publish:false always writes publishedAt null, as v1.	-
G4	12-quizzes	R40	REVERT	-	src/lib/quiz-query.ts:279,402	Unpublishing hides the quiz (and the student's graded result) from the student list and detail.	apps/backend/src/routes/quizzes.ts:568-581 prevents the hiding by refusing the unpublish.	plan-08 Task 3 (L1529); plan-08 Task 12 check 5 (L6760)	Same as R30: allow unpublish; student reads keep filtering on publishedAt, so the result is hidden as in v1.	-
G4	12-quizzes	R51	REVERT	REG-106	src/lib/quiz-actions.ts:362-365	An answer's selectedIndex is accepted if it is 0-5 or null, whatever the question's option count.	apps/backend/src/routes/quizzes.ts:963-966 rejects an index >= the question's option count.	plan-08 Task 4 (L2133)	Validate selectedIndex as int 0-5 or null only (quizzes.ts:963-966 removed); an out-of-range index is stored and scores 0 at submit, as v1.	-
G4	12-quizzes	R52	REVERT	REG-106	src/lib/quiz-actions.ts:390-405	An MCQ answer may carry text and an essay answer a selectedIndex; nothing checks.	apps/backend/src/routes/quizzes.ts:958-968 rejects with 400 wrong_answer_type.	plan-08 Task 4 (L2133)	Remove the wrong_answer_type checks (quizzes.ts:958-968); store whatever pair is sent, as v1.	-
G4	12-quizzes	R55	REVERT	REG-107	src/components/quizzes/quiz-runner.tsx:79,86-91,102-110	Each MCQ choice saves immediately and each essay saves on blur, fire-and-forget; submit re-saves everything.	apps/mobile/app/(app)/quiz/[id]/index.tsx:34,106-140 batches edits on a 1s debounce with a Saving/Saved/Not saved indicator and retry.	plan-08 Task 9 (L4893); plan-08 Task 12 check 6 (L6763)	Save each MCQ selection immediately and each essay on blur (one PATCH per change, no debounce), and re-save all answers before submit (R56). A failed save may still show a small 'Not saved - retry' notice (silent answer loss is data loss), but drop the Saving/Saved status line.	-
G4	12-quizzes	R68	KEEP-FIX	-	src/lib/quiz-actions.ts:502-514	A leader can grade any student's essay attempt in the season, including other leaders' groups.	apps/backend/src/routes/quizzes.ts:1262-1270 refuses with 403 student_not_in_scope unless the student is in the caller's server-derived set.	-	-	C8: a group-scoped read feeding an unscoped write; leader can alter grades of students outside their group.
G4	12-quizzes	R70	REVERT	-	src/lib/quiz-actions.ts:527	Each essay award is clamped to 0..points and rounded.	apps/backend/src/routes/quizzes.ts:1292-1298 rejects an award above the question's points with score_exceeds_max.	plan-08 Task 5 (L3078, D8 'reject vs clamp')	Clamp each award to [0, points] and round (quizzes.ts:1292-1298) instead of rejecting.	-
G4	12-quizzes	R71	REVERT	-	src/lib/quiz-actions.ts:525-526	Awards naming a question that is not an essay of this quiz are silently ignored.	apps/backend/src/routes/quizzes.ts:1284-1291 exact-set check fails the request (awards_incomplete) when extra ids are present.	plan-08 Task 5 (L3078)	Skip awards whose questionId is not an ESSAY of this quiz; keep only the 'every essay present' half of the check (see R72).	-
G4	12-quizzes	R72	KEEP-FIX	REG-108	src/lib/quiz-actions.ts:522,535,540	manualScore is recomputed from only the awards sent; an omitted essay counts 0 while its stored pointsAwarded is left unchanged.	apps/backend/src/routes/quizzes.ts:1284-1291 requires every essay question to be present.	-	-	Data inconsistency: a partial payload makes totalScore disagree with the per-answer pointsAwarded rows; v1's own client always sent all essays.
G4	12-quizzes	R75	REVERT	-	src/lib/quiz-actions.ts:549-555	Every essay grade save notifies the student QUIZ_GRADED, re-grades included.	apps/backend/src/routes/quizzes.ts:1304,1326-1340 notifies only on first grade or a changed total.	plan-08 Task 5 (L3078, D8)	Notify on every successful grade call (drop the scoreChanged condition at quizzes.ts:1326).	-
G4	12-quizzes	R79	REVERT	-	src/lib/quiz-actions.ts:569; src/lib/auth/permissions.ts:135-146	Only an admin (canManageQuiz) can reopen an attempt; leaders cannot.	apps/backend/src/routes/quizzes.ts:1374-1386 gates reopen on canGradeQuiz, so leaders can reopen.	plan-08 Task 5 (L3078, L3716 'reopen is a leader power')	Gate POST /:id/attempts/reopen on canManageQuiz (quizzes.ts:1384).	-
G4	12-quizzes	R81x	REVERT	-	src/lib/quiz-actions.ts:579-585	Reopening creates the new attempt and sends the student no notification. (Extra row - not in the worklist.)	apps/backend/src/routes/quizzes.ts:1427-1431 sends a 'You can retake' QUIZ_GRADED notification.	plan-08 Task 5 (L3716)	Remove the reopen notification (quizzes.ts:1425-1435).	-
G4	12-quizzes	R83	REVERT	-	src/app/leader/sessions/[id]/quiz/[quizId]/page.tsx:60; src/app/admin/season/[code]/quizzes/[quizId]/grade/page.tsx:66	The Reopen button appears on the admin grading page only.	apps/mobile/app/(app)/quiz/[id]/grade.tsx:214-225 shows Reopen to every grader.	plan-08 Task 10 (L5247, OnlineGrading L5499)	Render Reopen only when the caller can manage the quiz (SUPER or admin of the season), and only for GRADED attempts as v1.	-
G4	12-quizzes	R84	REVERT	REG-108	src/lib/quiz-actions.ts:564-585	Reopen does not check kind or published state.	apps/backend/src/routes/quizzes.ts:1396-1400 refuses with 409 quiz_not_published unless ONLINE and published.	plan-08 Task 5 (L3078)	Remove the quiz_not_published check from reopen.	-
G4	12-quizzes	R86	KEEP-FIX	-	src/lib/quiz-actions.ts:117-119	PAPER grade save scope-checks only LEADERs; an ADMIN of any season can write grades in any season.	apps/backend/src/routes/quizzes.ts:1544-1546 one canGradeQuiz gate for every role.	-	-	C8 / spec 12 D1: an admin of another (e.g. finished) season can rewrite grades here - authorization hole.
G4	12-quizzes	R88	KEEP-FIX	-	src/lib/quiz-actions.ts:100; src/components/quizzes/quiz-grade-form.tsx:28	The server accepts any score >= 0; only the form clamps to maxScore.	apps/backend/src/routes/quizzes.ts:1573-1576 rejects score > maxScore with score_exceeds_max.	-	-	C5: a stored score above maxScore renders >100% in averages and the export.
G4	12-quizzes	R89	REVERT	-	src/lib/quiz-actions.ts:135	A blank (null) score is skipped; an existing grade is never cleared.	apps/backend/src/routes/quizzes.ts:1589-1594 deletes the grade row when the score is null.	plan-08 Task 6 (L3726, D7)	Skip null entries (no delete), as v1; drop the deleteMany branch at quizzes.ts:1589-1594.	-
G4	12-quizzes	R92	REVERT	-	src/lib/quiz-actions.ts:128-137,157,161-169	PAPER grades notify only students who had no gradedAt before; any re-grade is silent.	apps/backend/src/routes/quizzes.ts:1615-1630 also notifies when an existing score changes.	plan-08 Task 6 (L3726, D8)	Notify only students whose prior row had no gradedAt.	-
G4	12-quizzes	R93	KEEP-FIX	-	src/lib/quiz-actions.ts:134-158	The grade save upserts whatever studentUserIds the caller sends - any student, any season.	apps/backend/src/routes/quizzes.ts:1560-1570 rejects the whole batch with student_not_in_scope for any id outside the caller's server-derived set.	-	-	C8 / spec 12 D1: unscoped write - a leader/admin can write grades for students they cannot see.
G4	12-quizzes	R94	KEEP-FIX	-	src/lib/quiz-actions.ts:111-115	PAPER grade save never checks kind, so a QuizGrade can be written against an ONLINE quiz.	apps/backend/src/routes/quizzes.ts:1550-1552 refuses with 409 wrong_quiz_kind.	-	-	Data inconsistency (spec 12 D10): such rows are invisible to the student but inflate every graded counter and the export.
G4	12-quizzes	R95	KEEP-FIX	-	src/lib/quiz-actions.ts:134-169	Upserts run one by one with no transaction; a mid-batch failure leaves some students graded and some not.	apps/backend/src/routes/quizzes.ts:1578-1600 validates the whole batch then writes in one transaction; notifications after, best-effort.	-	-	Data inconsistency: partial batch writes reported as failure.
G4	12-quizzes	R96	ALREADY-V1	REG-109	-	-	apps/backend/src/routes/quizzes.ts:1615-1630 sends the same QUIZ_GRADED notification to the same students via createNotificationsBulk.	-	-	Implementation-only batching; recipients and content unchanged (the preference difference is R117).
G4	12-quizzes	R97	KEEP-FIX	-	src/lib/quiz-query.ts:141-171	The session quiz list function checks nothing itself; its two calling pages gate first.	apps/backend/src/routes/quizzes.ts:246-273 GET /quizzes authorizes inside the handler via visibleStudentIdsForQuiz.	-	-	C8: an HTTP endpoint without its own gate is an authorization hole; no user-visible change.
G4	12-quizzes	R98	KEEP-FIX	-	src/lib/quiz-query.ts:154,169; src/app/leader/quizzes/page.tsx:66; src/app/admin/quizzes/page.tsx:79	'Graded' counts QuizGrade rows only, so an ONLINE quiz with graded attempts shows 0 graded; three pages compute three different numbers.	apps/backend/src/lib/quiz-scope.ts:54-77 counts PAPER non-null scores and ONLINE GRADED attempts over one student set.	-	-	Provably wrong value (spec 12 D10): ONLINE graded count is always 0 in v1.
G4	12-quizzes	R99	KEEP-FIX	-	src/lib/quiz-query.ts:173-203	listQuizzesForSeason exists but has no caller.	Not ported; GET /quizzes serves the list pages.	-	-	C12: dead code never ran (spec 12 D13).
G4	12-quizzes	R101	REVERT	-	src/lib/quiz-query.ts:489-496	The grading list shows each student's latest SUBMITTED or GRADED attempt (a reopened student still shows their previous graded attempt).	apps/backend/src/routes/quizzes.ts:1105-1236 takes the latest attempt in any status; in-progress ones go to a 'waiting' list instead of items.	plan-08 Task 5 (L3078, D5)	Select attempts with status in [SUBMITTED, GRADED], orderBy studentUserId asc, attemptNumber desc, distinct studentUserId - v1's query.	-
G4	12-quizzes	R102	REVERT	-	src/lib/quiz-query.ts:493-496	Students with no submitted/graded attempt simply do not appear on the grading screen.	apps/backend/src/routes/quizzes.ts:1219-1230 returns a 'waiting' list (IN_PROGRESS or no attempt) and mobile grade.tsx renders it.	plan-08 Task 5 (L3078, D5 'in progress since X'); plan-08 Task 10 (L5247)	Drop the waiting array from the attempts response and its section from quiz/[id]/grade.tsx.	-
G4	12-quizzes	R105	KEEP-FIX	-	src/lib/quiz-query.ts:205-208,461-464	Grading reads trust a studentUserIds list computed by the calling page.	apps/backend/src/routes/quizzes.ts:1115-1130 derives the student set server-side from the caller; no studentUserIds parameter.	-	-	C8: a client-supplied scope list on an API would let any grader read any student's answers.
G4	12-quizzes	R106	KEEP-FIX	-	src/app/leader/sessions/[id]/quiz/[quizId]/page.tsx:34-39	Leader grading scope is GroupStudent rows of led groups in the season.	apps/backend/src/lib/quiz-scope.ts:32-39 uses ACTIVE SeasonEnrollment.groupId in led groups; admin/SUPER all ACTIVE enrolments.	-	-	C9: GroupStudent is not season-aware, so a leader's scope can include or miss students for the wrong season.
G4	12-quizzes	R107	KEEP-FIX	-	src/app/leader/sessions/[id]/quiz/[quizId]/page.tsx:31	Leaders reach grading through a session URL that must match the quiz's session (404 otherwise).	apps/backend/src/routes/quizzes.ts:1237-1250 addresses the quiz by its own id.	-	-	Unreachable flow (spec 12 D12): a quiz whose session was deleted (SetNull) has no leader path at all in v1.
G4	12-quizzes	R108	KEEP-FIX	REG-110	src/app/leader/quizzes/page.tsx:20-32	Leader list: season = first group's season, but students = members of every led group across all seasons.	apps/backend/src/routes/quizzes.ts:251-270 one season per request (mobile useCurrentSeasonId), students limited to that season's led groups.	-	-	Provably wrong value: graded/pending counts measured against students from other seasons.
G4	12-quizzes	R109	ALREADY-V1	REG-110	-	-	apps/mobile/src/hooks/use-seasons.ts:52-58,78-93 picks the most recent ACTIVE season by startDate, else the latest - v1 admin/quizzes/page.tsx:18-28's rule; no picker on the quizzes screen.	-	-	Same season choice as v1, computed client-side and sent as seasonId.
G4	12-quizzes	R110	KEEP-FIX	-	src/app/admin/quizzes/page.tsx:30-32	Admin list denominator = StudentProfiles whose activeSeasonId is this season.	apps/backend/src/lib/quiz-scope.ts:25-42 ACTIVE SeasonEnrollment narrowed to the caller's scope.	-	-	Provably wrong value (C9/D10): activeSeasonId moves on, so a past season's quizzes show ~0 students; it also disagrees with the grading page's own set.
G4	12-quizzes	R111	KEEP-FIX	-	src/app/leader/quizzes/page.tsx:72	Leader list links a session-less quiz to '#', so it cannot be opened.	apps/mobile/app/(app)/quizzes.tsx:160-165 routes staff rows by quiz id.	-	-	Unreachable flow: orphaned quizzes are unreachable for leaders in v1.
G4	12-quizzes	R112	REVERT	REG-110	src/lib/quiz-query.ts:489-517; src/app/leader/quizzes/page.tsx; src/app/admin/quizzes/page.tsx	Quiz lists and the grading view load everything at once.	apps/backend/src/routes/quizzes.ts:246-282 and 1105-1130 cursor-page the list and attempts; mobile uses infinite scroll.	plan-08 Task 2 (L769) and Task 5 (L3078); plan-08 Task 8 (L4484) and Task 10 (L5247)	Return the full quiz list and all attempts in one response (remove cursor/limit in quizListQuerySchema and the attempts query) and drop infinite scroll on the two screens.	-
G4	12-quizzes	R114	KEEP-FIX	-	src/app/admin/dashboard/page.tsx:66-69,111-115; src/app/leader/dashboard/page.tsx:77-86,126-130	Dashboards count a quiz pending while graded QuizGrade rows < students, so every ONLINE quiz is pending forever.	apps/backend/src/lib/queries/dashboard.ts:132-158 uses countGradedByQuiz (ONLINE pending until attempts are GRADED).	-	-	Provably wrong value: ONLINE quizzes can never leave 'pending' in v1.
G4	12-quizzes	R116	REVERT	-	src/lib/season-export.ts:79-88,141-148	Every season quiz becomes an export column; quizzes with maxScore 0 are just skipped in the average.	apps/backend/src/lib/exports/season-workbook.ts:279-285 filters maxScore > 0 in the query, so such quizzes get no column.	plan-15 Divergence table row 16 (L245); spec 17 D16	Drop maxScore: { gt: 0 } from quizWhere; include the column and skip maxScore <= 0 only in the average, as v1.	-
G4	12-quizzes	R117	REVERT	REG-37	src/lib/notifications.ts:26-36	With quizGraded preference off, no notification at all (no in-app row, no email).	apps/backend/src/lib/notifications.ts:62-99 always writes the in-app row; preference governs email only.	plan-13 Decision 1 (L88) and Task 2 (L631, L875, L1045); spec 10 D4	Filter opted-out recipients before notification.createMany (no row, no mail), as v1.	-
G4	12-quizzes	R119	KEEP-FIX	-	src/lib/quiz-actions.ts:345-359	Two concurrent starts both try to create attempt 1; the loser gets a raw Prisma error.	apps/backend/src/routes/quizzes.ts:866-884 upserts on the unique triple and returns the same attempt.	-	-	Crash: unhandled unique violation instead of the idempotent resume v1 intends (spec 12 D15).
G4	12-quizzes	R120	KEEP-FIX	REG-111	src/lib/quiz-actions.ts:414-475	Submit reads answers, then opens the scoring transaction; an answer saved in between is scored from the stale copy.	apps/backend/src/routes/quizzes.ts:997-1010 re-reads answers in the request but scoring still runs outside the transaction (window narrowed, not closed).	-	-	Race/data inconsistency: wrong score recorded. Residual window still open (REG-111 FIX BEFORE CUTOVER) - finish by reading and scoring inside the transaction.
G5	13-video-quizzes	R8	KEEP-FIX	-	src/lib/video-quiz-actions.ts:77-86,147,151	Editing correctIndex/options leaves every recorded isCorrect frozen, so prior grades stay wrong after the key is corrected.	apps/backend/src/routes/video-quiz.ts:359-401 re-grades existing responses in the update transaction and returns regradedCount.	plan-14 D-13.6 (L174-176); Task 4 (L3278-3315)	-	Data inconsistency: stored isCorrect contradicts the question's current answer key after an edit (spec 13 D5); a provably wrong grade.
G5	13-video-quizzes	R9	KEEP-FIX	-	src/lib/video-quiz-actions.ts:77-86	Shrinking options leaves responses whose selectedIndex points past the new option list.	apps/backend/src/routes/video-quiz.ts:388-390 re-grades an out-of-range selectedIndex as incorrect.	plan-14 D-13.6 (L174-176)	-	Data corruption: stranded responses referencing a non-existent option (spec 13 D5).
G5	13-video-quizzes	R20	KEEP-FIX	-	src/lib/video-time.ts:2-10	formatTimestamp(NaN) renders the clock as NaN:NaN to the student.	packages/shared/src/video-time.ts:10 (HEAD L77) returns 0:00 for non-finite input.	plan-14 Task 1 (L440-444)	-	Provably wrong displayed value (NaN:NaN); finiteness guard changes no valid output.
G5	13-video-quizzes	R23	REVERT	-	src/lib/video-time.ts:21-30	Empty components parse as zero: ':' is 0 s, '1:' is 60 s, ':30' is 30 s.	packages/shared/src/video-time.ts:87,113 (COMPONENT /^\\d+$/) rejects empty components.	plan-14 D-13 spec D8 port, Task 1 parseTimestamp tests (L449-486) and impl (L613-656)	Port v1 parseTimestamp verbatim (Number() per part, Number.isInteger && >=0) in packages/shared/src/video-time.ts:107-128; drop the COMPONENT digits-only test and the R23 null-expectation unit tests; keep R25/R26 rules.	-
G5	13-video-quizzes	R24	REVERT	-	src/lib/video-time.ts:21-22	Hex and exponent literals are accepted ('0x10' is 16 s, '1e3' is 1000 s).	packages/shared/src/video-time.ts:113 digits-only pattern rejects them.	plan-14 Task 1 tests (L466-468)	Same verbatim v1 port as R23 (Number() conversion); delete the 0x10/1e3 toBeNull tests at plan L466-468.	-
G5	13-video-quizzes	R27	REVERT	-	src/lib/video-time.ts:15-30; src/lib/video-quiz-actions.ts:17	parseTimestamp has no upper bound; values over 86400 are rejected only by the server action's max(86400).	packages/shared/src/video-time.ts:107,127 takes maxSeconds and returns null above 86400 at parse time.	plan-14 Task 1 parseTimestamp signature (L413), tests (L484-486), impl (L635)	Remove the maxSeconds parameter from parseTimestamp (video-time.ts:107,127); let the 86400 ceiling be enforced only by the authoring schema on the server (videoQuestionInput atSeconds max) and surface that rejection.	-
G5	13-video-quizzes	R28	KEEP-FIX	-	src/components/sessions/video-questions-editor.tsx:212-215; src/lib/video-quiz-actions.ts:227	On a rejected save the editor shows 'Please fix the highlighted fields.' but never reads fieldErrors, so nothing is highlighted.	apps/mobile/src/components/VideoQuestionsEditor.tsx:107-111 shows the timestamp error on the field with a format hint.	plan-14 Task 5 Step 5 (L3893-3900)	-	Broken error feedback: v1 tells the admin to fix highlighted fields that are never highlighted (fieldErrors discarded). Note: once R23/R24/R27 revert, the field error should come from the server's fieldErrors, not a stricter client parse.
G5	13-video-quizzes	R30	REVERT	-	src/lib/youtube.ts:4-13	Four unanchored regexes find ?v=/&v=, youtu.be/, /embed/ or /shorts/ anywhere in the string (any path depth, any surrounding text).	packages/shared/src/youtube.ts:39-66 parses with URL(); v= must be a top-level query param and /embed|/shorts must be the first path segment, so forms like /attribution_link?u=/watch?v=ID or nested /x/embed/ID now return null.	plan-14 D-13.7 (L182-189); Task 1 youtube tests/impl (L499-549, L700)	Keep parsing permissive like v1 for YouTube hosts: after the host check, fall back to v1's regex scan of the whole string (?v=, &v=, youtu.be/, /embed/, /shorts/) with a trailing non-id boundary, so every form v1 accepted on a YouTube host still parses (youtube.ts:54-66). Host check (R33), boundary (R34) and /live|/v|bare id (R32) stay.	-
G5	13-video-quizzes	R32	KEEP-FIX	-	src/lib/youtube.ts:4-14; src/app/student/sessions/[id]/page.tsx:47-49,76-90	youtube.com/live/ID, /v/ID and a bare 11-char id return null, so the authored quiz silently becomes unreachable (plain link only).	packages/shared/src/youtube.ts:19,42,57-66 accepts /live/, /v/ and a bare id.	plan-14 D-13.7 (L182-189); Task 1 (L518-525)	-	Unreachable flow: an admin's quiz on a live/premiere session can never be taken (spec 13 D7a, R37).
G5	13-video-quizzes	R33	KEEP-FIX	-	src/lib/youtube.ts:6-8	Any host is accepted; https://example.com/embed/AAAAAAAAAAA plays YouTube video AAAAAAAAAAA.	packages/shared/src/youtube.ts:8-17,52 host allowlist returns null for non-YouTube hosts.	plan-14 D-13.7 (L182-189); Task 1 (L529-534)	-	Provably wrong value: a non-YouTube URL yields an arbitrary YouTube video id, so students are gated against the wrong video (spec 13 D7b).
G5	13-video-quizzes	R34	KEEP-FIX	-	src/lib/youtube.ts:5	A 12+ character v= token is truncated to its first 11 characters, producing a wrong id.	packages/shared/src/youtube.ts:1,55,60,66 requires the whole value to be an 11-char id.	plan-14 D-13.7 (L182-189); Task 1 (L536-541)	-	Provably wrong value: truncation silently produces a different (wrong) video id (spec 13 D7a).
G5	13-video-quizzes	R37	REVERT	-	src/app/student/sessions/[id]/page.tsx:47-49,76-90	Unparseable URL (or no questions) renders only a teal 'Watch recording' button linking to the raw URL, with no message.	apps/mobile/src/components/VideoQuizPlayer.tsx:39-51,210-212 renders an EmptyState 'Video unavailable' / 'This session's video link can't be played in the app.' with a 'Watch on YouTube' button.	plan-14 Task 5 Step 4 item 1 (L3819-3824); Task 5 session screen bullet (L3942-3945)	When videoId is null, or the quiz has zero questions, render only a 'Watch recording' button that opens session.youtubeUrl (no title, no message) - VideoQuizPlayer.tsx:39-51,210-212 and the session screen's zero-question branch. The load-error/timeout fallback (R81) may keep its message.	-
G5	13-video-quizzes	R42	KEEP-PLATFORM	-	src/components/sessions/interactive-video-player.tsx:171-189	A 250 ms poll pauses and snaps to the barrier when within 0.1 s, then opens the question modal.	apps/mobile/src/components/VideoQuizPlayer.tsx:17-18,106-127 polls every 400 ms with a 0.75 s tolerance; same pause/snap/modal behaviour.	plan-14 Task 5 Step 4 item 4 (L3836-3842)	-	Forced by the platform: getCurrentTime is a promise across the react-native-webview bridge, so v1's synchronous 250 ms/0.1 s timing cannot hold; user-visible gating is unchanged (spec 13 D11).
G5	13-video-quizzes	R44	ALREADY-V1	-	-	On player ready the student resumes at min(furthestSeconds, barrier) when > 0.	apps/mobile/src/components/VideoQuizPlayer.tsx:155-161 onReady seeks to Math.min(furthestRef, barrierRef) when > 0.	-	-	HEAD already resumes exactly as v1 interactive-video-player.tsx:143-144; the ledger's DROPPED is stale.
G5	13-video-quizzes	R45	KEEP-PLATFORM	-	src/components/sessions/interactive-video-player.tsx:353	The question modal cannot be dismissed; the only exits are answering or leaving the page.	apps/mobile/src/components/VideoQuizPlayer.tsx:173-177,290,298,338 adds a 'Leave the quiz' button and routes Android back to it; both navigate away (router.back) rather than dismissing the modal.	plan-14 Task 5 Step 4 item 6 (L3847-3857)	-	Platform: the web page always has browser navigation to leave; an RN Modal has no chrome and Android back/iOS gestures would otherwise dismiss it and bypass the gate. 'Leave' = v1's 'leave the page'; the modal still cannot be dismissed into playback.
G5	13-video-quizzes	R47	KEEP-FIX	-	src/lib/video-quiz-actions.ts:115-170	The server accepts answers to any question in any order without any playback; only the client enforces the barrier.	apps/backend/src/routes/video-quiz.ts:140-143 returns 409 out_of_order unless the question is the earliest unanswered.	plan-14 D-13.2 (L117-132)	-	Security/integrity hole: with an API the gate is one scripted loop away; ordering is the barrier's own rule enforced server-side (spec 13 D1, C8).
G5	13-video-quizzes	R48	KEEP-FIX	-	src/lib/video-quiz-actions.ts:179-217	saveVideoProgress trusts a client completed flag; (sessionId, 0, true) marks a student complete.	packages/shared/src/video-quiz.ts:118-120 progress contract has no completed field.	plan-14 D-13.4 (L163-168)	-	Forgeable state: any client can assert completion without answering anything (spec 13 D3).
G5	13-video-quizzes	R49	REVERT	-	src/components/sessions/interactive-video-player.tsx:154,163,198	Progress is saved on pause, when the document becomes hidden, and on unmount only.	apps/mobile/src/components/VideoQuizPlayer.tsx:19,129-135 additionally saves every 15 s while playing (plus pause, AppState background, unmount).	plan-14 Task 5 Step 4 item 8 (L3866-3870)	Drop the 15-second interval: remove PROGRESS_SAVE_MS and the playing-interval effect (VideoQuizPlayer.tsx:19,129-135); save only on pause/ended state, AppState leaving active (the visibilitychange equivalent) and unmount.	-
G5	13-video-quizzes	R51	KEEP-FIX	-	src/lib/auth/permissions.ts:63-67; src/app/student/sessions/[id]/page.tsx:29-33	The page requires an ACTIVE enrolment but the answer/progress actions accept any enrolment row, so a dropped student can still write.	apps/backend/src/lib/permissions.ts:508-515 hasActiveEnrollment gates answer and progress on ACTIVE.	plan-14 Task 2 hasActiveEnrollment (L1431,1724-1736,1910)	-	Authorization hole: a dropped/completed student refused by v1's page could still write via the action; v2 applies v1's page rule (spec 13 D9).
G5	13-video-quizzes	R52	KEEP-FIX	REG-112	src/lib/video-quiz-actions.ts:121-133	Question lookup runs before the role check, so any user can tell existing question ids (Forbidden) from missing ones (not found).	apps/backend/src/routes/video-quiz.ts:99-112 runs requireStudentOnSession before the question lookup.	plan-14 Task 3 answer route (L2423, L2660)	-	Security: id-existence oracle for any authenticated user (C8).
G5	13-video-quizzes	R57	KEEP-FIX	-	src/lib/video-quiz-actions.ts:165	Answering writes furthestSeconds = question.atSeconds with set, so an earlier answer moves progress backwards.	apps/backend/src/routes/video-quiz.ts:163-168 uses Math.max.	plan-14 D-13.5 (L170-173)	-	Data corruption: progress regresses, contradicting v1's own Math.max rule (spec 13 D4).
G5	13-video-quizzes	R58	KEEP-FIX	-	src/lib/video-quiz-actions.ts:149-167	Answering the last question never sets completedAt.	apps/backend/src/routes/video-quiz.ts:146,169-170 sets completedAt when the last unanswered question is answered.	plan-14 D-13.4 (L163-168)	-	Required consequence of removing the forgeable client completion flag (R48): with no client flag, the server must be completion's only writer; also fixes v1's false negative (spec 13 D3).
G5	13-video-quizzes	R59	KEEP-FIX	-	src/lib/video-quiz-actions.ts:150-152	A double submit hits the unique constraint and the raw Prisma error escapes.	apps/backend/src/routes/video-quiz.ts:178-197 catches P2002 and returns the recorded response.	plan-14 Task 3 answer route (L2371, L2752)	-	Crash: unhandled unique-violation error on a double tap (spec 13 D14).
G5	13-video-quizzes	R61	KEEP-FIX	-	src/lib/video-quiz-actions.ts:172-175	Progress request validates furthestSeconds int 0-86400 and a completed boolean.	packages/shared/src/video-quiz.ts:118-120 keeps furthestSeconds, drops completed.	plan-14 D-13.4 (L163-168)	-	Same as R48: the client-asserted completed flag is a forgery path (spec 13 D3).
G5	13-video-quizzes	R64	KEEP-FIX	REG-112	src/lib/video-quiz-actions.ts:197-214	Progress read-then-upsert runs outside a transaction, so concurrent saves can persist the lower value.	apps/backend/src/routes/video-quiz.ts:233-248 does the read and upsert inside $transaction.	plan-14 Task 3 progress route	-	Race / data loss: concurrent saves (hide + unmount) can lose the higher furthestSeconds.
G5	13-video-quizzes	R65	KEEP-FIX	-	src/components/sessions/interactive-video-player.tsx:147-152	Completion is asserted by the client only when the player reports ENDED and all questions are answered.	apps/backend/src/routes/video-quiz.ts:146,170 derives completion on the last answer; no ENDED dependency.	plan-14 D-13.4 (L163-168)	-	Follows from R48: client assertion is forgeable and the server cannot see ENDED; v1 also never completes a student who answers all and leaves before the end (spec 13 D3).
G5	13-video-quizzes	R73	KEEP-FIX	-	src/lib/video-quiz-query.ts:37-39,64-67	Both quiz queries authorize nothing and trust the calling page's checks.	apps/backend/src/routes/video-quiz.ts:63,293,314 authorise in each handler; the answer-key read is gated by canManageSessionVideo.	plan-14 D-13.3 (L134-161)	-	C8: an API endpoint without in-handler authorization would expose the answer key to any caller.
G5	13-video-quizzes	R74	REVERT	-	src/components/sessions/video-questions-editor.tsx:75	No admin surface shows any student's video-quiz result; the editor only shows responseCount per question.	apps/backend/src/routes/video-quiz.ts:439-461 adds GET /sessions/:id/video-quiz/results (per-student answered/points/completion, leader-narrowed) rendered under the editor and for leaders.	plan-14 Task 4 (L2835-2851, L3018-3130, L3331-3334); Task 5 (L3366, L3799-3810, L3912, L3936-3952)	Remove the results feature: delete GET /sessions/:id/video-quiz/results and loadVideoQuizResults (video-quiz.ts:439-461), videoQuizResultsSchema, useVideoQuizResults, queryKeys.videoQuiz.results, the results table and canSeeResults (leaders see nothing); the editor shows only '{responseCount} answers recorded' per question.	-
G5	13-video-quizzes	R78	KEEP-FIX	-	src/components/sessions/interactive-video-player.tsx:147-152,181-187	A question past the video's end can never be reached, so the quiz freezes and never completes.	apps/mobile/src/components/VideoQuizPlayer.tsx:162-170 reads getDuration on ready and flags a barrier past the end.	plan-14 Task 5 Step 4 item 7 (L3858-3865)	-	Broken/unreachable flow: permanent deadlock of the quiz for every student (spec 13 D2).
G5	13-video-quizzes	R79	KEEP-FIX	-	src/components/sessions/interactive-video-player.tsx:244,292	In the deadlock case the locked region and 'Answer to unlock' badge are hidden, so the student sees a player that never completes.	apps/mobile/src/components/VideoQuizPlayer.tsx:214-228 shows 'A question on this video is set past the end of the recording. Ask your leader to fix it.'	plan-14 Task 5 Step 4 item 7 (L3858-3865)	-	Broken flow: the only signal of the R78 deadlock is suppressed (spec 13 D2).
G5	13-video-quizzes	R81	KEEP-FIX	-	src/components/sessions/interactive-video-player.tsx:50-68,140-157	No onError handler and a never-rejecting loader: a deleted/private/blocked video is a permanent black box.	apps/mobile/src/components/VideoQuizPlayer.tsx:147-152,243 onError and a 15 s load timeout switch to a Watch on YouTube fallback.	plan-14 Task 5 Step 4 item 2 (L3826-3833)	-	Broken flow: unplayable video leaves a dead black box with no exit (spec 13 D11).
G5	14-forum	R2	KEEP-FIX	-	src/app/student/assignments/[id]/page.tsx:40-43; src/lib/forum-query.ts:44-48	Opening the forum page runs ensureDraftSubmission (a write during the GET) and loads the view by that stub's id.	apps/backend/src/lib/queries/forum.ts:102-131 looks up the caller's own row by (assignment, caller) and tolerates no row; the PUT upsert creates it.	plan-14 D-14.1 (L190-207)	-	C6: v1's GET writes a DRAFT row on every open; user-visible screen (compose box, locked feed) is unchanged.
G5	14-forum	R3	KEEP-FIX	-	src/lib/forum-query.ts:54-57,63	loadForumView echoes the caller-supplied own-submission id without checking it belongs to the student or assignment.	apps/backend/src/lib/queries/forum.ts:105-107 derives the own row from assignment + caller only.	plan-14 D-14.1 (L190-207)	-	C8 / IDOR: an API taking a client-supplied submission id unchecked would let a caller read another student's row.
G5	14-forum	R5	KEEP-FIX	-	src/lib/forum-actions.ts:19,59,101	Forum writes are addressed by sequential integer Submission.id / ForumComment.id.	apps/backend/src/routes/forum.ts:132-137 addresses posts by publicId nested under the assignment; comment delete keeps the comment id behind canDeleteForumComment.	plan-14 D-14.2 (L209-214)	-	Security: guessable sequential ids let a group-mate comment on hidden DRAFT rows (R43, spec 14 D14, C8); not user-visible.
G5	14-forum	R7	KEEP-FIX	-	src/lib/forum-actions.ts:22,33; src/app/student/assignments/[id]/page.tsx:24-38	The post action checks only that the row is the caller's; role, season and targeting are enforced only by the page (requireRole STUDENT, activeSeasonId, GroupStudent targeting).	apps/backend/src/routes/forum.ts:70-80 requires STUDENT plus forumAudienceFor (ACTIVE enrolment + targeting).	plan-14 D-14.1 (L190-207); Task 2 forumAudienceFor (L2038)	-	C8: the page-only gate evaporates with an API; v2 re-applies v1's page rules (STUDENT, in-season, targeted) server-side, with C9 membership.
G5	14-forum	R11	REVERT	-	src/lib/forum-actions.ts:36-39; src/components/forum/forum-view.tsx:50-52,102	With forumMinWords null or 0, an empty response can be posted (0 >= 0) and marked SUBMITTED; the button is enabled.	packages/shared/src/forum.ts:104-106 requires min(1) after trim (and max 20,000); apps/mobile/src/components/ForumThread.tsx:28-29 uses Math.max(1, minWords).	plan-14 D-14.5 (L251-255); Task 1 schema (L1161)	Gate only on countWords(text) >= (forumMinWords ?? 0): change submitForumResponseRequestSchema (packages/shared/src/forum.ts:104-106) to z.string() with no min(1) and no 20,000 cap (v1 had none); ForumThread.tsx:29 uses minWords not Math.max(1, minWords); route applies the min-words check with v1's message 'Please write at least N words (you have M).'.	-
G5	14-forum	R15	KEEP-FIX	-	src/lib/forum-actions.ts:17-45; src/app/student/assignments/[id]/page.tsx:29-38	Targeting (isAllGroups/AssignmentTarget) is enforced only by the page render; the post action never checks it.	apps/backend/src/lib/permissions.ts:615-647 forumAudienceFor re-checks enrolment and targeting on every post.	plan-14 D-14.1 (L190-207)	-	C8: v1's targeting rule exists only in a page; server-side re-check enforces v1's own rule.
G5	14-forum	R20	KEEP-FIX	-	src/lib/forum-query.ts:74-84	The unlocked feed shows posts by every other student in the viewer's current GroupStudent group.	apps/backend/src/lib/queries/forum.ts:145-164 uses ACTIVE SeasonEnrollment peers in the viewer's group for the assignment's season.	plan-14 D-14.3 (L216-223)	-	C9: GroupStudent is one row per student for the whole DB and cannot answer group-for-this-season; a moved student would see another group's threads. Residual: the extra status ACTIVE peer filter (forum.ts:158) is not required by C9 and hides posts of dropped peers that v1 shows - drop it to match v1.
G5	14-forum	R24	KEEP-FIX	-	src/lib/forum-query.ts:74-84	Peer set follows live membership, so a moved student retroactively gains the new group's threads and loses the old.	apps/backend/src/lib/queries/forum.ts:155-164 resolves membership per assignment season via SeasonEnrollment.	plan-14 D-14.3 (L216-223)	-	C9 global-group mistake: cross-group leak of other groups' posts after a move (privacy).
G5	14-forum	R26	REVERT	-	src/lib/forum-query.ts:101-110	Every comment on every peer post is loaded inline, ordered createdAt ascending.	apps/backend/src/lib/queries/forum.ts:194-205 inlines 3 comments per post plus commentCount; the rest come from GET .../comments (forum.ts:253-262) via 'Show all comments'.	plan-14 Task 6 feed (L4544-4547); Task 7 comments endpoint (L4927, L5005-5045); Task 8 useForumComments (L5138); Task 1 forumCommentsQuerySchema (L1187)	Inline every comment on each post ordered createdAt asc (remove take: 3 at forum.ts:197); remove the paged comments endpoint, listForumComments, useForumComments and the 'Show all comments' control.	-
G5	14-forum	R27	REVERT	-	src/lib/forum-query.ts:80-112	The feed loads every post (submittedAt desc) with no take, skip or cursor.	apps/backend/src/lib/queries/forum.ts:184-185 cursor-pages posts by publicId with limit default 10, max 50.	plan-14 Task 1 forumFeedQuerySchema (L1181); Task 6 feed (L4520-4575)	Return all posts in one response ordered submittedAt desc: drop cursor/limit/nextCursor from forumFeedQuerySchema/forumViewSchema and loadForumView (forum.ts:167-185,241) and the paging UI in ForumThread.	-
G5	14-forum	R28	REVERT	-	src/components/forum/forum-view.tsx:191; src/components/ui/rich-text-view.tsx:11-31,43	Post bodies render as sanitised rich text (14-tag allow-list, http/https/mailto links only).	apps/backend/src/lib/queries/forum.ts:219 converts stored HTML to plain text; posts render as plain text.	plan-14 Task 6 map step (L4565); D-14 via X3/Plan 12 html-text	Serve the post body sanitised with v1's allow-list (rich-text-view.tsx:11-31) and render it as formatted rich text on mobile (an RN HTML renderer limited to those tags), instead of htmlToPlainText at forum.ts:219. Note: conflicts with ruling C11 as written ('nothing renders as HTML'); v1 was already sanitised, so it is not the XSS defect C11 targets - needs C11 amended.	-
G5	14-forum	R30	KEEP-FIX	-	src/lib/forum-query.ts:36-38,119,129	An author with a blank name is shown to group-mates by their email address.	apps/backend/src/lib/queries/forum.ts:16-19 shows 'Group member'; email is never selected.	plan-14 D-14.6 (L242-249)	-	Privacy leak: students' email addresses shown to peers (spec 14 D6).
G5	14-forum	R31	REVERT	-	src/lib/forum-query.ts:120-122,130-132	Each post and comment author's avatar is shown (resolved per author via storage url()).	No avatar on the forum payload (D-14.6); no avatar-serving endpoint exists in apps/backend/src/routes.	plan-14 D-14.6 (L242-249)	Add authorAvatarUrl to forum posts and comments, served through a gated id-addressed avatar read endpoint (not v1's ungated /api/uploads path, and not resolved via the S3 url() stub); render the avatar beside the name in ForumThread. Reading existing files is allowed with ENABLE_UPLOADS=false.	-
G5	14-forum	R33	REVERT	-	src/app/student/assignments/[id]/page.tsx:53-60	The forum assignment header shows only a 'Forum' badge and the title, no due date.	apps/mobile/app/(app)/assignment/[id]/index.tsx:127-134 shows 'Due <org day/time>' or 'No due date' for forum assignments too.	plan-14 Task 8 (L5137, L5277); Plan 5 assignment header (dueOrgDay)	On a FORUM assignment, render a 'Forum' badge and the title with no due line: guard the due Text at assignment/[id]/index.tsx:130-134 with data.type !== 'FORUM'.	-
G5	14-forum	R34	REVERT	-	src/components/forum/forum-view.tsx:24-27; src/lib/forum-query.ts:54-57	The forum screen never shows reviewer feedback on the student's own post.	apps/mobile/src/components/ForumThread.tsx:33-37 renders 'Feedback from your leader' and reviewedAt; forum.ts:108 selects feedback.	plan-14 D-14.8 (L256-269); Task 1 schema (L1119-1125); Task 6 (L4503-4509, L4660-4671)	Remove feedback/reviewedAt from forumOwnResponseSchema and from loadForumView/PUT response (forum.ts:108,121-122); remove the feedback block in ForumThread.tsx:33-40.	-
G5	14-forum	R39	KEEP-FIX	-	src/lib/auth/permissions.ts:337-350	A student may comment only if their current GroupStudent group equals the author's.	apps/backend/src/lib/permissions.ts:560-562 compares season groups via SeasonEnrollment.	plan-14 D-14.3 (L216-223)	-	C9: GroupStudent is not season-aware; same-group-this-season must resolve through SeasonEnrollment.
G5	14-forum	R40	REVERT	-	src/lib/auth/permissions.ts:352	LEADER and MENTOR cannot comment at all (fall through to false).	apps/backend/src/lib/permissions.ts:559 lets a LEADER comment on posts by students in groups they lead.	plan-14 D-14.4 item 1-2 (L218-240); Task 2 canComment (L1975)	Remove the LEADER branch in canCommentOnForumSubmission (permissions.ts:559); only SUPER, season ADMIN and same-group STUDENT may comment.	-
G5	14-forum	R43	KEEP-FIX	-	src/lib/forum-actions.ts:69-95	Nothing checks the target post is posted, so a group-mate can comment on a hidden DRAFT row by guessing its id.	apps/backend/src/lib/permissions.ts:551 refuses a DRAFT target; post resolved by publicId under its assignment.	plan-14 D-14.2 (L209-214)	-	Security: comments attachable to hidden drafts the feed never shows (spec 14 D14, C8).
G5	14-forum	R50	REVERT	-	src/lib/forum-actions.ts:115-118	Only the comment author, SUPER or season ADMIN can delete a comment; LEADER/MENTOR cannot.	apps/backend/src/lib/permissions.ts:597-600 also lets a LEADER delete comments on posts by students in their groups.	plan-14 D-14.4 item 2 (L226-228); Task 2 canDeleteForumComment tests (L1817-1829)	Remove the LEADER branch from canDeleteForumComment (permissions.ts:597-600) and the leaderA=true test expectation.	-
G5	14-forum	R52	REVERT	-	src/components/forum/forum-view.tsx:205	The delete control renders only on the viewer's own comments.	apps/backend/src/lib/queries/forum.ts:229-230 sends canDelete from the server gate; the UI shows delete wherever canDelete is true (staff removal visible).	plan-14 D-14.4 item 2 (L226-228); Task 6 map (L4568); Task 7 (L5011-5045)	Render the delete control only when comment.authorUserId === current user (ForumThread); drop canDelete from the feed/comment payloads or set it to author-only.	-
G5	14-forum	R53	REVERT	-	src/app/student/assignments/[id]/page.tsx:14,24	No staff surface renders a forum thread; the only forum screen is student-only.	apps/backend/src/lib/permissions.ts:615-647 gives SUPER/MENTOR/season ADMIN all groups and LEADER their groups; assignment/[id]/index.tsx:155 renders ForumThread for staff.	plan-14 D-14.4 item 1 (L222-225); Task 8 staff branch (L5137)	Restrict forumAudienceFor to STUDENT (remove the staff arm at permissions.ts:625-635) and stop rendering ForumThread in the staff branch of assignment/[id]/index.tsx:155.	-
G5	14-forum	R56	REVERT	-	src/lib/forum-query.ts:54-57; src/components/forum/forum-view.tsx:24-27	A forum post can be reviewed like ordinary work, but its author never sees the feedback.	apps/backend/src/lib/queries/forum.ts:105-128 returns feedback/reviewedAt to the author and ForumThread renders it.	plan-14 D-14.8 (L256-269)	Same change as R34: keep forum posts reviewable but do not select or render feedback on the forum screen.	-
G5	14-forum	R57	REVERT	REG-39	src/lib/forum-actions.ts (whole file, 123 lines)	No moderation: no staff read, no staff UI removal, no hide, report, filter or audit.	apps/backend/src/lib/permissions.ts:577-602 adds staff read and LEADER/staff comment removal exercisable from the UI.	plan-14 D-14.4 (L216-240)	Drop the staff moderation set (staff read per R53, leader delete per R50, server-computed canDelete per R52); D-14.4 becomes 'no moderation, as v1'. Keep the hide/report deferral (REG-39) as an owner backlog note only.	-
G5	15-events	R5	KEEP-FIX	-	src/lib/jpc-event-actions.ts:16,36-42,72-73	The form posts a date and an optional time; the server coerces the concatenated naive string in the server's timezone.	packages/shared/src/event.ts:64-65 takes day (YYYY-MM-DD) + optional HH:mm, composed in the org zone.	plan-14 D-15.6 (L313-323)	-	C2: v1 resolves the wall clock in the server's incidental zone, so the instant drifts between authors/servers; the user-visible input (date + optional time) is unchanged.
G5	15-events	R6	REVERT	-	src/lib/jpc-event-actions.ts:17,36-38; src/app/super/events/jpc-event-form.tsx:129-151	End is an optional end date plus an optional end time.	packages/shared/src/event.ts:66 accepts only endDay (a day); no end time can be entered.	plan-14 D-15.6 (L316-319); Task 1 event schema (L1286-1294); Task 10 Step 4 form (L6894-6896)	Add endTime (wallTimeSchema, nullable) to eventWriteBase (event.ts:66) and to EventForm; compose the end instant from endDay+endTime in the org zone with orgWallClockToInstant (routes/events.ts:164); expose endTime on the read contract.	-
G5	15-events	R11	REVERT	-	src/lib/jpc-event-actions.ts:23-26	End must be at or after start, comparing full date-times (equal allowed).	packages/shared/src/event.ts:81-87 compares org days only; time of day is not compared.	plan-14 Task 1 refineEvent (L1306-1312)	Once endTime is restored (R6), compare the composed start and end instants (end >= start) in refineEvent / the route instead of day strings only.	-
G5	15-events	R14	REVERT	REG-113	src/lib/jpc-event-actions.ts:79,119	Only the first validation issue is returned as one error message; the form shows it as a single message, not on a field.	apps/mobile/src/components/EventForm.tsx:86-95 validates on device and shows one error per field; the API returns a generic 400.	plan-14 Task 10 Step 4 form (L6871-6914)	Submit to the server without client-side schema validation; the API returns the first Zod issue's message as error (routes/events.ts create/patch) and EventForm shows that single message above the actions, not per field.	-
G5	15-events	R15	KEEP-FIX	-	src/lib/jpc-event-actions.ts:36-42,72-73	date+time strings are concatenated and parsed in the server's timezone.	apps/backend/src/routes/events.ts:162 composes the instant in the org zone (orgWallClockToInstant).	plan-14 D-15.6 (L313-323)	-	C2: timezone drift - the same wall clock resolves to different instants depending on server zone.
G5	15-events	R17	REVERT	-	src/lib/jpc-event-actions.ts:36-38,73	An end time can be entered; the end is null only when the end date is blank (an end time alone is dropped).	apps/backend/src/routes/events.ts:164 stores the end as a day at org midnight; no end time exists.	plan-14 D-15.6 (L316-319)	Same as R6: accept endTime; when endDay is null, endTime is ignored (as v1).	-
G5	15-events	R18	REVERT	REG-113	src/lib/jpc-event-actions.ts:72,79	An empty date fails coercion and returns the generic first-issue message, not 'Date is required'.	apps/mobile/src/components/EventForm.tsx:101 fails the required day field and attaches the error to that input.	plan-14 Task 10 Step 4 form (L6871-6914)	Same as R14: no client pre-validation; show the server's first-issue message as a single form error.	-
G5	15-events	R19	KEEP-FIX	-	src/components/events/upcoming-events-card.tsx:8; src/app/super/events/jpc-event-manager-client.tsx:17-19; src/app/super/events/jpc-event-form.tsx:119,148	All-day is re-derived as local midnight in each viewer's timezone in three files.	apps/backend/src/routes/events.ts:66-74 derives allDay once on the server in the org zone and sends it.	plan-14 D-15.6 (L313-323)	-	C2: viewers in different zones see the same event as all-day or not - provably inconsistent.
G5	15-events	R20	KEEP-FIX	-	src/lib/jpc-event-actions.ts:36-42; src/components/events/upcoming-events-card.tsx:8	Composed in the browser, parsed on the server and re-read in the viewer's zone, so an all-day event can round-trip to a non-midnight instant.	apps/backend/src/routes/events.ts:162,184-188 composes and reads back in the org zone.	plan-14 D-15.6 (L313-323)	-	C2 timezone drift: edits silently flip all-day.
G5	15-events	R22	OWNER-CALL	-	src/lib/jpc-event-actions.ts:52	The event photo is optional; an absent or zero-byte file means none.	No event photo upload endpoint exists; imagePath is never written by v2 (apps/backend/src/routes/events.ts has no photo route).	plan-14 D-15.7 (L325-331); Out of scope (L334-337)	-	space-v2/CLAUDE.md 'Uploads are switched off' (ENABLE_UPLOADS=false while file/image handling moves to a CMS): restoring v1's photo upload path conflicts with that standing instruction. When the CMS lands, port v1's rule as-is.
G5	15-events	R23	OWNER-CALL	-	src/lib/jpc-event-actions.ts:44,53	Photo MIME must be jpeg, png or webp (declared type).	No event photo upload endpoint exists; imagePath is never written by v2 (apps/backend/src/routes/events.ts has no photo route).	plan-14 D-15.7 (L325-331); Out of scope (L334-337)	-	space-v2/CLAUDE.md 'Uploads are switched off' (ENABLE_UPLOADS=false while file/image handling moves to a CMS): restoring v1's photo upload path conflicts with that standing instruction. When the CMS lands, port v1's rule as-is.
G5	15-events	R24	OWNER-CALL	-	src/lib/jpc-event-actions.ts:45,54; src/app/super/events/jpc-event-form.tsx:28-30,56-59	Photos over 5 MB are rejected (server and client).	No event photo upload endpoint exists; imagePath is never written by v2 (apps/backend/src/routes/events.ts has no photo route).	plan-14 D-15.7 (L325-331); Out of scope (L334-337)	-	space-v2/CLAUDE.md 'Uploads are switched off' (ENABLE_UPLOADS=false while file/image handling moves to a CMS): restoring v1's photo upload path conflicts with that standing instruction. When the CMS lands, port v1's rule as-is.
G5	15-events	R25	OWNER-CALL	-	src/lib/jpc-event-actions.ts:55-60	Extension comes from the MIME subtype, not the filename.	No event photo upload endpoint exists; imagePath is never written by v2 (apps/backend/src/routes/events.ts has no photo route).	plan-14 D-15.7 (L325-331); Out of scope (L334-337)	-	space-v2/CLAUDE.md 'Uploads are switched off' (ENABLE_UPLOADS=false while file/image handling moves to a CMS): restoring v1's photo upload path conflicts with that standing instruction. When the CMS lands, port v1's rule as-is.
G5	15-events	R26	OWNER-CALL	-	src/lib/jpc-event-actions.ts:56-60	Storage key is events/YYYY/MM/{uuid}-event.{ext}.	No event photo upload endpoint exists; imagePath is never written by v2 (apps/backend/src/routes/events.ts has no photo route).	plan-14 D-15.7 (L325-331); Out of scope (L334-337)	-	space-v2/CLAUDE.md 'Uploads are switched off' (ENABLE_UPLOADS=false while file/image handling moves to a CMS): restoring v1's photo upload path conflicts with that standing instruction. When the CMS lands, port v1's rule as-is.
G5	15-events	R27	OWNER-CALL	-	src/lib/jpc-event-actions.ts:81-96,121-136	The photo is written before the row, outside a transaction.	No event photo upload endpoint exists; imagePath is never written by v2 (apps/backend/src/routes/events.ts has no photo route).	plan-14 D-15.7 (L325-331); Out of scope (L334-337)	-	space-v2/CLAUDE.md 'Uploads are switched off' (ENABLE_UPLOADS=false while file/image handling moves to a CMS): restoring v1's photo upload path conflicts with that standing instruction. When the CMS lands, port v1's rule as-is.
G5	15-events	R28	OWNER-CALL	-	src/lib/jpc-event-actions.ts:131	On update imagePath changes only when a new photo is supplied; a photo cannot be removed.	No event photo upload endpoint exists; imagePath is never written by v2 (apps/backend/src/routes/events.ts has no photo route).	plan-14 D-15.7 (L325-331); Out of scope (L334-337)	-	space-v2/CLAUDE.md 'Uploads are switched off' (ENABLE_UPLOADS=false while file/image handling moves to a CMS): restoring v1's photo upload path conflicts with that standing instruction. When the CMS lands, port v1's rule as-is.
G5	15-events	R29	OWNER-CALL	-	src/lib/jpc-event-actions.ts (whole file)	Replacing a photo never deletes the old blob.	No event photo upload endpoint exists; imagePath is never written by v2 (apps/backend/src/routes/events.ts has no photo route).	plan-14 D-15.7 (L325-331); Out of scope (L334-337)	-	space-v2/CLAUDE.md 'Uploads are switched off' (ENABLE_UPLOADS=false while file/image handling moves to a CMS): restoring v1's photo upload path conflicts with that standing instruction. When the CMS lands, port v1's rule as-is.
G5	15-events	R30	ALREADY-V1	-	-	Deleting an event does not delete its photo blob.	apps/backend/src/routes/events.ts:225-238 hard-deletes the row and touches no blob - the same as v1 jpc-event-actions.ts:146-158.	-	-	HEAD already matches v1: event delete leaves any existing photo blob in storage.
G5	15-events	R31	REVERT	-	src/lib/jpc-events-query.ts:76; src/app/super/events/jpc-event-manager-client.tsx:100-102; src/app/super/events/jpc-event-form.tsx:171-182	Each event carries imageUrl; the super manager list shows the photo thumbnail and the edit form shows the current photo.	packages/shared/src/event.ts:43-48 has no imageUrl; nothing resolves or shows existing event photos.	plan-14 D-15.7 (L325-331); Out of scope (L334-337)	Add imageUrl (nullable) to the event contract, pointing at a new GET /api/v1/events/:id/photo gated on eventVisibilityFilter (reading existing files is allowed with uploads off); render the thumbnail in the SUPER manager list and the edit form as v1 does.	-
G5	15-events	R32	KEEP-FIX	-	src/app/api/uploads/[...path]/route.ts:13-14	Event photos are served by /api/uploads/[...path], gated only on being logged in.	apps/backend/src/routes/events.ts:45-49 never selects imagePath; no ungated path crosses the wire.	plan-14 D-15.7 (L325-331)	-	Security/privacy: any authenticated user can fetch photos of ALUMNI_ONLY/SEASON events they cannot see (spec 15 item 9; same hole CLAUDE.md refused for submission files).
G5	15-events	R36	KEEP-FIX	-	src/lib/jpc-event-actions.ts:150	Delete/update on a stale id throws a raw Prisma P2025 as an unhandled server-action error.	apps/backend/src/routes/events.ts:231-233 reads the row first and answers 404 not_found.	plan-14 Task 9 (spec 15 §10 item 11)	-	Crash: unhandled P2025 on a missing row.
G5	15-events	R38	KEEP-PLATFORM	REG-114	src/lib/jpc-event-actions.ts:98-102,138-142,152-156	Writes revalidate five hardcoded Next.js paths (missing /alumni/calendar and the dashboards).	apps/mobile/src/hooks/use-events.ts:60-71 invalidates the whole events query subtree.	plan-14 Task 10 Step 3 hooks (L6827)	-	Platform: revalidatePath has no Expo equivalent; React Query invalidation is its replacement (and v1's list missed surfaces, so stale pages were a bug).
G5	15-events	R40	KEEP-FIX	-	src/lib/jpc-events-query.ts:39-54	listJpcEvents takes includeAlumniOnly and seasonIds from the caller.	apps/backend/src/lib/queries/events.ts:51-70 derives one filter from the token.	plan-14 D-15.4 (L299-305)	-	C8: caller-supplied visibility knobs on an API would let any client request ALUMNI_ONLY/all-season events. Note: the derived predicate must reproduce v1's result (see R44/R45).
G5	15-events	R42	REVERT	-	src/lib/jpc-events-query.ts:47; src/components/events/upcoming-events-card.tsx:23	ALUMNI_ONLY events are included only for non-students (role !== STUDENT); alumni (role STUDENT) do not get them.	apps/backend/src/lib/queries/events.ts:57-59 includes ALUMNI_ONLY for alumni and every non-student role.	plan-14 D-15.2 (L282-290); Task 9 (L6263-6281, L5880-5890)	Change the predicate at events.ts:57 to user.role !== 'STUDENT' only (drop isAlumnus); flip the 'shows ALUMNI_ONLY events TO ALUMNI' test to assert alumni do not see them.	 Coordinator 2026-10-09: ALUMNI_ONLY visibility kept per KEEP-FIX 19-R6 (REG-41); only labels/visuals revert.
G5	15-events	R43	KEEP-FIX	-	src/app/admin/season/[code]/calendar/page.tsx:33; src/app/leader/calendar/page.tsx:42; src/app/super/calendar/page.tsx:17; src/app/student/calendar/page.tsx:31	Each calendar page passes a hardcoded includeAlumniOnly literal.	apps/backend/src/lib/queries/events.ts:51-70 derives eligibility server-side from the caller.	plan-14 D-15.4 (L299-305)	-	C8: eligibility must be derived server-side, not supplied by the caller; v1's literals (student false, staff true) equal role !== STUDENT, which the predicate must keep (R42).
G5	15-events	R44	REVERT	-	src/components/events/upcoming-events-card.tsx:23	The card's eligibility is user.role !== 'STUDENT'.	apps/backend/src/lib/queries/events.ts:57 uses isAlumnus(user) || role !== STUDENT on every surface.	plan-14 D-15.2 (L282-290); D-15.4 (L299-305)	Single formula = role !== 'STUDENT' (v1's card formula, which also matches every v1 page literal); remove isAlumnus from events.ts:57.	 Coordinator 2026-10-09: ALUMNI_ONLY visibility kept per KEEP-FIX 19-R6 (REG-41); only labels/visuals revert.
G5	15-events	R45	REVERT	REG-41	src/lib/rbac.ts:20-22; src/components/events/upcoming-events-card.tsx:23; src/app/alumni/calendar/page.tsx:19	Alumni (role STUDENT with graduationYear) do not see ALUMNI_ONLY events on their Events page or dashboard.	apps/backend/src/lib/queries/events.ts:57-59 shows ALUMNI_ONLY events to alumni.	plan-14 D-15.2 (L282-290); DROPPED.md REG-41	Same change as R42/R44; withdraw D-15.2 and REG-41.	 Coordinator 2026-10-09: ALUMNI_ONLY visibility kept per KEEP-FIX 19-R6 (REG-41); only labels/visuals revert.
G5	15-events	R46	REVERT	-	src/app/super/events/jpc-event-form.tsx:195; src/app/super/events/jpc-event-manager-client.tsx:114-115	The form labels the level 'Alumni only (leaders, admins)' and the manager list badges it 'Alumni only'.	apps/mobile/src/components/EventForm.tsx:37-42 labels it 'Alumni & staff' everywhere.	plan-14 D-15.2 (L289-290); Task 10 Step 4	Use v1's labels: form option 'Alumni only (leaders, admins)', manager list badge 'Alumni only' (EventForm.tsx:40 and the manager row badge).	-
G5	15-events	R49	KEEP-FIX	-	src/lib/jpc-events-query.ts:24-37	viewerSeasonIds = activeSeasonId + seasonAdminIds + seasons of groupLeaderIds, without checking the role holds each claim; SUPER gets all.	apps/backend/src/lib/queries/events.ts:15-32 same union, each claim paired with its role; SUPER sees all.	plan-14 D-15.4 (L299-305)	-	C7: a claim without the role that can hold it grants nothing (stray join-table rows naming a student).
G5	15-events	R52	KEEP-FIX	-	src/lib/jpc-events-query.ts:48-52	SEASON events stay visible even when their season is soft-deleted (status is not gated either).	apps/backend/src/lib/queries/events.ts:63-67 hides SEASON events on soft-deleted seasons; status still not gated.	plan-14 D-15.4 (L299-305)	-	Data inconsistency: rows of a soft-deleted (removed) season remain shown to its members (spec 15 item 4 - 'a bug in any reading'); status behaviour stays as v1.
G5	15-events	R55	KEEP-FIX	-	src/lib/jpc-events-query.ts:39-79	listJpcEvents authorizes nothing; scoping is whatever the caller passes.	apps/backend/src/routes/events.ts:108,127 always apply eventVisibilityFilter(user).	plan-14 D-15.4 (L299-305)	-	C8: row-scoped authorization at the API.
G5	15-events	R57	REVERT	-	src/lib/jpc-events-query.ts:43-69	Every event ever created is returned (no window, no limit), ordered by date asc.	apps/backend/src/routes/events.ts:98-108 defaults the window to now-30d..now+365d; from, to, upcoming and limit supported.	plan-14 D-15.5 (L307-311); Spec 19 addendum (Revision, upcoming/limit)	With no from/to, return all visible events ordered by date asc (remove the -30d/+365d defaults at events.ts:103-108). The dashboard card filters (endDate ?? date) >= start of today and takes the first four as v1 does; optional upcoming/limit may stay only as an equivalent of that.	-
G5	15-events	R58	REVERT	REG-114	src/lib/jpc-events-query.ts:6-18,56-68	Every role gets the same row shape: id, title, date, endDate, description, imageUrl, url, visibility, seasonId, seasonTitle, createdById.	packages/shared/src/event.ts:11-55 list rows omit description, imageUrl and createdById; detail adds description, seasonTitle, canManage.	plan-14 Task 10; Task 1 event schemas (L1232-1281)	Return v1's single row shape on the list (add description, imageUrl per R31, createdById, seasonTitle) and drop the separate detail-only shape once the detail screen is removed (R70).	-
G5	15-events	R60	KEEP-FIX	-	src/lib/jpc-events-query.ts:71-78; src/lib/storage/s3.ts:19-21	imageUrl is resolved per row via storage.url(); on the S3 driver url() throws, breaking every calendar.	apps/backend/src/routes/events.ts:45-49 resolves no storage URL per row.	plan-14 D-15.7 (L325-331)	-	Crash: S3Storage.url throws unconditionally. When imageUrl is restored (R31) it must be the id-addressed /api/v1/events/:id/photo path, not storage.url().
G5	15-events	R63	KEEP-FIX	-	src/components/sessions/season-calendar.tsx:117-121	Events are bucketed by the viewer's local calendar date of the instant.	apps/backend/src/routes/events.ts:72-73 sends the org dayKey; the calendar buckets by it.	plan-14 D-15.6 (L313-323)	-	C2: viewers in different zones put the same event on different days.
G5	15-events	R65	KEEP-FIX	-	src/components/sessions/season-calendar.tsx:236,241-244	The agenda lists events whose date is at or after the viewer's local start of today, interleaved with sessions.	apps/mobile/app/(app)/calendar.tsx:134-139 lists events inside an org-day window.	plan-14 D-15.6 (L313-323); plan-14 Task 10 Step 5	-	C2 for the 'today' boundary (org day, not device day). The width of the window itself is governed by R57 (REVERT): the agenda must show everything from org-today onwards, not stop at +365d.
G5	15-events	R67	REVERT	-	src/components/sessions/season-calendar.tsx:355-361,367	Agenda event rows show a calendar icon in the time rail and the subtitle 'JPC event'; no time.	apps/mobile/app/(app)/calendar.tsx:62 shows 'JPC event · <org time>' or 'JPC event · All day'.	plan-14 Task 10 Step 5 (L7029-7033)	Render event rows with the calendar icon and the literal subtitle 'JPC event', no time (calendar.tsx:62).	-
G5	15-events	R68	REVERT	-	src/components/sessions/season-calendar.tsx:69-73,364,471,484	Event chips are amber with a lock icon for ALUMNI_ONLY and navy otherwise; SEASON looks the same as ALL.	apps/mobile/app/(app)/calendar.tsx:64-66 shows the season code under SEASON events; no ALUMNI_ONLY amber/lock styling.	plan-14 Task 10 Step 4/5 (L6883-6884, L7031-7033)	Remove the seasonCode caption (calendar.tsx:64-66); style ALUMNI_ONLY events amber with a lock icon and all others navy.	-
G5	15-events	R70	REVERT	REG-114	src/components/sessions/season-calendar.tsx:374-380,458-487; src/components/events/upcoming-events-card.tsx:52-58	There is no event detail page; an event with a url opens it externally, one without is inert.	apps/mobile/app/(app)/event/[id].tsx:79-112 is a new detail screen (description, season, Open link); rows navigate to it.	plan-14 Task 10 Steps 1, 4 (L6482-6487, L6914); detail tests (L6617-6650)	Delete app/(app)/event/[id].tsx, its route registration, useEvent/queryKeys.events.detail and GET /events/:id for read; event rows/cards open event.url with Linking when set and are inert otherwise. (SUPER edit stays in the manager.)	-
G5	15-events	R73	REVERT	-	src/app/alumni/calendar/page.tsx:11,19	The alumni Events page renders only the UpcomingEventsCard (no calendar, no sessions).	apps/mobile/app/(app)/calendar.tsx:75-105 gives alumni the shared pinned-season calendar with sessions plus events.	plan-14 D-15.1 (L271-280); plan-14 Task 10 Step 5 (L7045-7088)	For an alumnus, the calendar tab renders only the upcoming-events card (first four with (endDate ?? date) >= today), with no session query.	-
G5	15-events	R75	REVERT	REG-60	src/components/events/upcoming-events-card.tsx:30; src/app/alumni/calendar/page.tsx:13-21	When no event qualifies the card renders nothing at all.	apps/mobile/src/components/dashboard/UpcomingEventsCard.tsx:26-27 shows a 'No upcoming events' empty state.	plan-14 Task 10 Step 4 (L6887-6889); plan-16 Divergence ledger row 17 (L72); plan-16 Task 6 (L2336, L2396)	Return null from UpcomingEventsCard when there are no qualifying events (UpcomingEventsCard.tsx:26-27); delete the empty-state test.	-
G5	15-events	R79	REVERT	REG-60	src/app/super/dashboard/page.tsx:18,33	The SUPER 'Upcoming events' tile is a raw count of events with date >= now (ignoring visibility and endDate).	apps/mobile/src/components/dashboard/SuperDashboard.tsx:61 reads total from the card's GET /events?upcoming=true response.	plan-16 Divergence ledger row 18 (L73); plan-16 test (L3010-3020)	Back the tile with a count of events where date >= now (no window, no endDate), e.g. a dedicated count field on the SUPER dashboard/events response.	-
G5	15-events	R81	REVERT	REG-113	src/app/super/events/jpc-event-form.tsx:77-83; src/lib/jpc-event-actions.ts:15	The title field has no client maximum; a 300-character title is rejected by the server.	apps/mobile/src/components/EventForm.tsx:86-92 validates with the shared schema, enforcing 200 on device.	plan-14 Task 10 Step 4 form	Same as R14: remove client-side schema validation; the server's 200 cap still rejects and its message is shown.	-
G5	15-events	R82	KEEP-FIX	-	src/app/super/events/jpc-event-form.tsx:119-122,147-151	Edit seeds the time inputs from getHours()/getMinutes() in the editor's zone, so re-saving from another zone moves the event.	apps/mobile/app/(app)/event/[id].tsx:13-26 seeds the edit form from the server's org day and time.	plan-14 D-15.6 (L313-323)	-	C2: editing from another timezone silently shifts the event (provable drift). (Seeding should move to the manager's edit form when the detail screen is removed per R70.)
G6	16-imports	R1	OWNER-CALL	REG-48	src/lib/student-import-actions.ts:19,32-35; src/lib/group-import-actions.ts:13,28-31	Both importers take a picked .csv or .xlsx file (case-insensitive suffix test) and reject any other extension.	apps/mobile/app/(app)/users/import.tsx and apps/backend/src/routes/imports.ts:56 (IMPORT_FILE_UPLOAD_SUPPORTED=false): intake is pasted text only, no file picker, no multipart endpoint.	plan-17 D-16.2 (L244-269), D-16.3 (L271-283), Not-in-scope bullet 1 (L58-60); backlog-owner-actions s10 (L160-162)	-	space-v2/CLAUDE.md switches uploads off (ENABLE_UPLOADS=false) while file handling moves to a CMS, and the owner backlog says file intake waits for the CMS. Restoring v1 needs a multipart route (multer), exceljs and expo-document-picker. Owner must rule whether an in-memory import file (never stored) is covered by the uploads freeze; if not, this is REVERT: add POST /imports/students/preview-file and /seasons/:id/imports/groups/preview-file taking one .csv/.xlsx, flip IMPORT_FILE_UPLOAD_SUPPORTED, add a document picker to both import screens.
G6	16-imports	R2	OWNER-CALL	REG-48	src/lib/spreadsheet.ts:29-36	The filename extension is the only format gate and picks the CSV or XLSX parser branch.	apps/backend/src/lib/imports/delimited.ts:150-162: no filename exists; the paste is sniffed as comma or tab text.	plan-17 D-16.2 (L244-269)	-	Depends on R1 (file intake frozen with uploads/CMS per space-v2/CLAUDE.md). If the owner restores file intake, port the extension-selects-parser rule with it.
G6	16-imports	R3	REVERT	-	src/lib/student-import-actions.ts:18,36; src/lib/group-import-actions.ts:12,32	The server accepts an import of up to 5 MB.	packages/shared/src/import.ts:21 IMPORT_MAX_PASTE_CHARS=256 KB, enforced by the body schema; larger pastes are refused.	plan-17 D-16.10 (L454-469)	Set IMPORT_MAX_PASTE_CHARS to 5*1024*1024 in packages/shared/src/import.ts:21 and raise config.importBodyLimit (importJsonParser, routes/imports.ts:85) so a 5 MB paste plus its 2000-row commit fits; D-16.10 to say the ceiling is v1's 5 MB, not 256 KB.	-
G6	16-imports	R4	REVERT	-	src/components/ui/file-upload.tsx:32-38; src/components/users/student-import-form.tsx:294; src/components/groups/group-import-form.tsx:128	The client refuses anything over the same 5 MB before sending, and the picker only offers .csv/.xlsx.	apps/mobile/app/(app)/users/import.tsx:102-105 refuses a paste over 256 KB client-side.	plan-17 D-16.10 (L454-469); Task 6	Client check uses the 5 MB constant from R3 (import.tsx:102 reads IMPORT_MAX_PASTE_CHARS, so the shared change carries it); the accept=.csv,.xlsx filter returns with the picker if the owner restores file intake (R1).	-
G6	16-imports	R6	OWNER-CALL	REG-48	src/lib/spreadsheet.ts:33,36	Only the first worksheet of an .xlsx is read; other sheets are ignored.	No workbook intake exists (paste only, routes/imports.ts:56).	plan-17 D-16.2 (L244-269)	-	Depends on R1 (uploads/CMS freeze in space-v2/CLAUDE.md). If file intake is restored, read workbook.worksheets[0] only.
G6	16-imports	R8	KEEP-FIX	-	src/lib/spreadsheet.ts:35-36	XLSX cells stored as numbers become String(number), so a phone like +2010... or 0123... loses its + or leading zeros.	apps/backend/src/lib/imports/delimited.ts:3-18,150-190 produces strings only; no number coercion anywhere.	plan-17 D-16.15 (L536-549)	-	Data corruption: v1 silently mangles phone numbers depending on file format (spec D7). If .xlsx intake is restored (R1), it must read formatted cell text, not values.
G6	16-imports	R9	OWNER-CALL	REG-48	src/lib/spreadsheet.ts:6-22	cellText flattens ExcelJS cell shapes (text, hyperlink, formula result, rich text, dates) to a string.	No counterpart; pasted cells are plain strings (delimited.ts).	plan-17 D-16.2 (L265-269)	-	Depends on R1 (uploads/CMS freeze). If xlsx intake is restored, cellText must be ported (D-16.2 currently forbids it).
G6	16-imports	R10	OWNER-CALL	REG-48	src/lib/spreadsheet.ts:12-15	An auto-linked email cell resolves to its hyperlink target (mailto: stripped).	Not applicable; no xlsx cells.	plan-17 D-16.2 (L244-269)	-	Depends on R1 (uploads/CMS freeze). If xlsx intake is restored, keep v1's text-before-hyperlink precedence.
G6	16-imports	R17	REVERT	-	src/lib/student-import.ts:96-103	With duplicate headers, the last name/email column wins while the first matching profile column wins.	apps/backend/src/lib/imports/students.ts:69-76: first duplicate wins for name and email too.	plan-17 D-16.22 (L673-686)	In students.ts:70 and :74 assign nameCol/emailCol unconditionally (last wins) and keep the first-wins guard only for profile columns (:79); D-16.22 to state v1's asymmetric rule is ported as-is.	-
G6	16-imports	R18	REVERT	-	src/lib/student-import.ts:100-103	Unrecognised headers are silently ignored; the preview shows no warning.	students.ts:82 collects unrecognisedColumns and import.tsx:213-220 shows a \"column(s) not recognised\" warning.	plan-17 D-16.12 (L492-504)	Drop unrecognisedColumns from the preview contract (packages/shared/src/import.ts) and students.ts:62,82,98, and remove the warning block at import.tsx:213-220; delete D-16.12.	-
G6	16-imports	R20	REVERT	REG-115	src/lib/student-import.ts:120-127	A row is skipped as blank when name, email and every recognised profile cell are blank, even if an unrecognised column has text.	apps/backend/src/lib/imports/delimited.ts:171-175 skips only rows where every cell is blank, so a row with text only in an ignored column becomes an invalid row.	plan-17 Task 2 blank-row filter (L1545)	Move the student blank-row skip after header mapping: in buildStudentImportPreview (students.ts:266-268) skip a row when name, email and all mapped profile values are empty; keep the parser's all-blank filter only for line numbering.	-
G6	16-imports	R22	REVERT	-	src/lib/student-import.ts:9,157-167	Four statuses only; a soft-deleted user's email shows exists, \"Already in the system.\"	students.ts:291-293 adds a fifth status previously_removed with a restore message.	plan-17 D-16.14 (L516-534)	Remove previously_removed from the status enum (packages/shared/src/import.ts) and from students.ts:291-293,305 and :577-591; a deleted match reads exists / skipped \"Already in the system.\"; delete D-16.14.	-
G6	16-imports	R24	REVERT	-	src/lib/student-import.ts:129 versus :71-87	Preview checks only name length 2+ and a valid email; over-long values preview new and fail at commit.	students.ts:174-202 runs the full commit schema at preview, so over-long values show invalid.	plan-17 D-16.9 (L434-452)	Preview classifier (students.ts:270) checks only name>=2 and email; full maxima apply at commit per row (see R41/R42); D-16.9 rewritten to v1's two-stage validation.	-
G6	16-imports	R25	KEEP-FIX	-	src/lib/student-import.ts:112,140-151	Duplicate detection within a file is case-sensitive, so A@x.com and a@x.com become two new accounts.	students.ts:276-281 dedups on normaliseEmail (lower-case); stored address unchanged.	plan-17 D-16.6 (L340-366)	-	Data inconsistency: v1 creates two accounts for one person from one file (double write), and contradicts v1's own group importer (R60). Storage untouched, so no login change.
G6	16-imports	R28	KEEP-FIX	-	src/lib/student-import.ts:157-161; prisma/schema.prisma:105	Existence is matched by exact case-sensitive email, so Foo@x.com is imported as a new account when foo@x.com exists.	students.ts:232-245 matches lower(email); stored value unchanged.	plan-17 D-16.6 (L340-366)	-	Duplicate-account creation (double write of one person) and disagreement with v1's group importer (R60); D-16.6 changes only comparison, not storage.
G6	16-imports	R34	ALREADY-V1	-	-	Commit takes the rows the client classified new, re-validates each and re-checks existence before writing.	import.tsx:68,119 sends only new rows' values; students.ts:430-438,466-489 re-validates and re-checks existence, as v1 rowSchema + findUnique did (student-import.ts:239-251).	plan-17 D-16.4 (L285-314)	-	Same observable behaviour: client posts its new rows, server re-validates and skips existing. Not sending a status is a wire detail; v1 never sent one either. The batch-abort difference is R42.
G6	16-imports	R38	KEEP-FIX	REG-103	src/lib/student-import-actions.ts:49; src/components/users/student-import-form.tsx:54	The alumni graduation-year ceiling is frozen at the year the server process (and browser bundle) started.	packages/shared/src/import.ts:227-233 evaluates the current year on every parse.	plan-17 Task 1 (L786, L1071-1074)	-	Provably wrong value: after New Year a long-lived process refuses the current year as a graduation year. REG-103 accepted.
G6	16-imports	R41	REVERT	-	src/lib/student-import.ts:71-87	Commit bounds: name 2-120, phone 50, university 200, year 50, date of birth 40, spiritual background 2000, gifts 2000, notes 2000.	packages/shared/src/import.ts:145 reuses createStudentRequestSchema: phone 60, university 160, year 40, spiritual background 4000, gifts 2000, notes 4000.	plan-17 D-16.9 (L434-452, last paragraph L448-452)	Define studentImportRowSchema in packages/shared/src/import.ts:145 with v1's import maxima (phone 50, university 200, year 50, spiritualBackground 2000, gifts 2000, notes 2000) instead of omitting from createStudentRequestSchema; D-16.9 to say import bounds are v1's import bounds.	-
G6	16-imports	R42	REVERT	-	src/lib/student-import.ts:238-243	A row failing commit validation is reported failed \"Invalid name or email.\" and the import carries on with the next row.	routes/imports.ts:165-174 + students.ts:430-438: any invalid row aborts the whole batch with 422 import_rows_invalid and nothing is written.	plan-17 D-16.5 (L316-338); Task 4	In commitStudentImport (students.ts:430-438) record an invalid row as outcome failed with \"Invalid name or email.\" and continue; remove ImportRowsInvalidError and the 422 branch at routes/imports.ts:165-174; add failed back to the outcome enum.	-
G6	16-imports	R43	KEEP-FIX	-	src/lib/student-import.ts:247-251	Before each insert the commit re-checks the exact email (no deletedAt filter) and skips a hit.	students.ts:466-489 re-checks inside the transaction, case-insensitively, no deletedAt filter, and skips a hit.	plan-17 D-16.6 (L340-366)	-	Only difference is case-insensitive matching, which prevents the duplicate-account double write described at R28 (kept KEEP-FIX). Per-row versus batch transaction is handled at R45.
G6	16-imports	R44	REVERT	-	src/lib/student-import.ts:248-251	An existing user is always skipped; the import never updates or enrols an existing person.	students.ts:472-489,600-605 and enrollStudentInSeason: opt-in onExisting=enroll enrols existing students in the target season; import.tsx:69-73,125 sends them.	plan-17 D-16.7 (L368-401); D-16.8 enrollStudentInSeason part (L410-415)	Remove onExisting from the commit contract and the enroll arm (students.ts:513-536,600-605; import.tsx:69-73,125, the enrol confirmation UI); every match is skipped \"Already in the system.\"; delete D-16.7.	-
G6	16-imports	R45	REVERT	-	src/lib/student-import.ts:238,253-273,276-283	Commit is a sequential per-row loop, each row in its own transaction; earlier rows stay committed if a later one fails.	students.ts:464-542 writes the whole batch in one all-or-nothing transaction.	plan-17 D-16.5 (L316-338); Task 4	Rewrite commitStudentImport as a per-row loop: for each row validate, findExisting, then db.$transaction(createStudentRows(tx,[row],target)); P2002 -> skipped, other error -> failed; return the per-row report. D-16.5 to say v1's per-row commit is ported.	-
G6	16-imports	R46	ALREADY-V1	-	-	Each row atomically writes User (STUDENT, passwordHash null), StudentProfile and, in season mode, an ACTIVE SeasonEnrollment.	apps/backend/src/lib/queries/students.ts:645-708 createStudentRows writes the same three rows with passwordHash null and no invite; each row is atomic.	plan-17 D-16.8 (L403-432)	-	Per-row end state and atomicity match v1; the batch scope is R45.
G6	16-imports	R50	KEEP-FIX	-	src/lib/student-import.ts:209-210	Date of birth parsed with new Date(string) in the server zone; an unparseable value is dropped silently and the row still imports.	students.ts:181-189 requires a real YYYY-MM-DD date stored at UTC midnight; anything else fails the row.	plan-17 D-16.11 (L471-490)	-	Silent data loss (birth date discarded with outcome created) plus C2 zone drift (local midnight on a non-UTC server stores the previous day) and dd/mm transposition. Owner may still want v1's lenient formats accepted when parsed in UTC.
G6	16-imports	R52	REVERT	-	src/lib/student-import.ts:198-205,277-278	A unique-violation race on insert is reported as that row skipped \"Already in the system.\" and the import continues.	routes/imports.ts:175-188 rolls back the whole batch and answers 409 import_conflict.	plan-17 D-16.5 (L316-338); D-16.21 (L667-671)	With the per-row loop (R45), catch P2002 per row and record skipped \"Already in the system.\"; remove the 409 import_conflict branch at routes/imports.ts:175-188.	-
G6	16-imports	R53	REVERT	-	src/lib/student-import.ts:280-282	Any other per-row error is logged and recorded failed \"Could not create this account.\"; the loop continues.	routes/imports.ts:132-136,189: unexpected errors roll back everything and surface as a 500.	plan-17 D-16.5 (L316-338); D-16.18 (L585-598)	In the per-row loop (R45) catch other errors per row, record failed \"Could not create this account.\" and continue. Logging the row number instead of the email is server-side only and may stay.	-
G6	16-imports	R54	REVERT	-	src/lib/student-import.ts:181-196,286-291	Result is a per-row list of created/skipped/failed (userId on created) with created/skipped/failed tallies.	students.ts:544-553 returns created/skipped/enrolled tallies; failed outcome removed, enrolled added.	plan-17 D-16.5 (L333-338); D-16.7	StudentImportResult: outcomes created/skipped/failed and tallies created/skipped/failed (packages/shared/src/import.ts result schema; students.ts:548-553); drop enrolled; result screen shows failed rows. rowNumber may stay as display aid.	-
G6	16-imports	R61	KEEP-FIX	-	src/lib/groups-query.ts:143-148	The group importer's roster is students whose activeSeasonId pointer is this season; an ACTIVE enrolee pointing elsewhere is invisible.	apps/backend/src/lib/imports/groups.ts:65-79 builds the roster from ACTIVE SeasonEnrollment rows.	plan-17 D-16.19.3 (L615-619); plan-06 assignStudentsToGroups	-	C9: season membership resolves through SeasonEnrollment. v1's pointer gate makes properly enrolled students unassignable (broken flow) and feeds the silent skips of R76/R80.
G6	16-imports	R65	REVERT	-	src/lib/group-import.ts:59	When two groups in a season share a name (case-insensitively), the last one silently receives every row naming it.	apps/backend/src/lib/imports/groups.ts:93-102 refuses the whole paste with a rename message.	plan-17 D-16.19.1 (L604-609)	In groups.ts:93-102 build groupByName by plain iteration (later group overwrites earlier), no throw; delete D-16.19.1.	-
G6	16-imports	R70	KEEP-FIX	-	src/lib/groups-query.ts:151-155	unchanged is judged from GroupStudent restricted to this season's groups; a student whose only membership is another season's group reads ungrouped.	groups.ts:75-76,145 judge unchanged from SeasonEnrollment.groupId for this season.	plan-17 D-16.19.3 (L615-619)	-	C9 directly: GroupStudent is not season-aware and must not answer a per-season membership question.
G6	16-imports	R76	KEEP-FIX	-	src/lib/group-actions.ts:215-223,228	Students whose activeSeasonId is not the season are silently skipped with no report.	apps/backend/src/lib/queries/groups.ts:376-381 skips non-eligible (no ACTIVE enrolment) students and returns them in skippedStudentIds.	plan-17 D-16.19.2-3 (L610-619); plan-06 assignStudentsToGroups	-	C9 eligibility plus a provably wrong report: v1 tells the operator rows were assigned when they were dropped (spec D5).
G6	16-imports	R78	KEEP-FIX	-	src/lib/group-actions.ts:236-240	Each assignment upserts SeasonEnrollment, creating an ACTIVE enrolment when none existed.	queries/groups.ts:390-393 only updates groupId on the existing enrolment; never creates one.	plan-06 assignStudentsToGroups (divergence 1); plan-17 D-16.19.3	-	C9: with eligibility resolved through an ACTIVE enrolment the create branch cannot be needed; v1's upsert silently mints enrolment rows as a side effect of a group move (data written nobody asked for).
G6	16-imports	R80	KEEP-FIX	-	src/lib/group-import-actions.ts:66; src/components/groups/group-import-form.tsx:80,111-113	The assigned count shown is the number requested, including students the write silently skipped.	routes/imports.ts:287-291 returns assigned (actually written), skipped and skippedStudentIds.	plan-17 D-16.19.2 (L610-614)	-	Provably wrong value: v1 reports success for rows it never wrote (spec D5).
G6	16-imports	R83	ALREADY-V1	-	-	After commit the users list (student import) and the season admin pages (group import) refresh.	apps/mobile/src/hooks/use-import.ts:68-72 invalidates users/students/groups after a student commit; :99-102 invalidates groups/students after a group commit.	-	-	Fixed after the audit (backlog-owner-actions s10 lists 16-R83 as fixed); HEAD invalidates the lists.
G6	16-imports	R84	REVERT	-	src/lib/student-import.ts:247-278; src/lib/group-actions.ts:225-244	No rate limit on preview or commit; concurrent student commits make the loser's rows skipped.	routes/imports.ts:68-72 rate-limits preview 30/15 min and commit 10/15 min; a P2002 race answers 409 import_conflict.	plan-17 D-16.21 (L652-671)	Remove previewLimiter/commitLimiter from the four import routes (routes/imports.ts:71-72,116,140,244,268) and the IMPORT_*_RATE_LIMIT config; race handled per row as in R52; delete D-16.21.	-
G6	17-reports	R1	KEEP-FIX	-	src/lib/reports-query.ts:63-67	An empty season list means every non-deleted season; callers (pages) supply the gate.	apps/backend/src/lib/queries/reports.ts:46-73: empty request means the caller's permitted seasons; requested ids are intersected with that set.	plan-15 Divergence row 6 (L235); D-17.4 (L376-401)	-	C8: the ids now arrive from a phone at an API, so an ungated \"empty = everything\" would hand any caller the whole organisation. For MENTOR/SUPER (scope all) the result is identical to v1's.
G6	17-reports	R3	KEEP-FIX	-	src/lib/reports-query.ts:61-63	The report loader performs no authorization; every gate lives in the calling page.	apps/backend/src/routes/reports.ts:44-51 gates via reportScopeFor, then resolveReportScope intersects.	plan-15 Divergence row 6 (L235); D-17.4 (L376-401)	-	C8: authorization must sit at the endpoint and in the query; v1's ungated loader becomes a whole-organisation export once exposed as HTTP.
G6	17-reports	R5	ALREADY-V1	-	-	from/to exist on the loader but no screen ever passes them.	apps/mobile/src/hooks/use-reports.ts:39 sends only seasonId; no screen passes from/to, so no user ever gets a date window.	plan-15 D-17.12 (L618-642)	-	User-visible behaviour matches v1 (no date window anywhere). The trend cap that IS visible is R8.
G6	17-reports	R6	REVERT	REG-116	src/components/reports/reports-view.tsx:33-44; src/app/mentor/reports/page.tsx:12	No filter controls: the scope is fixed by the page (mentor = all seasons; admin = one season page).	apps/mobile/app/(app)/reports.tsx:53-106,233 renders an All-seasons/per-season picker for every role.	plan-15 Task 8 SeasonPicker (L6322-6360, L6502); backlog-owner-actions s11 REG-116 (fix after cutover)	Remove the picker for MENTOR (fixed all-seasons scope, as /mentor/reports). For ADMIN the scope is one season (see R103/R105). reports.tsx:233 renders SeasonPicker only for the admin per-season case.	-
G6	17-reports	R8	REVERT	-	src/lib/reports-query.ts:79-84	The trend has one point for every past session in scope, ascending.	apps/backend/src/lib/queries/reports.ts:137-146 takes only the most recent trendLimit sessions (default 26).	plan-15 D-17.12 (L618-642); Divergence row 22 (L251); Task 1 schema trendLimit default 26 (L1259)	Make trendLimit optional with no default (packages/shared/src/reports.ts reportScopeQuerySchema) and drop take when absent (reports.ts:143), so every past session is plotted; D-17.12 to drop the 26-session window.	-
G6	17-reports	R9	KEEP-FIX	-	src/lib/reports-query.ts:104-105	pct = present(PRESENT or LATE) / today's ACTIVE count, unclamped.	reports.ts:192-223 keeps PRESENT+LATE in the numerator; denominator is the roster at that session's start.	plan-15 D-17.3 (L350-374); Divergence row 2 (L231)	-	Provably wrong value (C5 >100%): v1 divides a historical session by today's roster and can exceed 100%.
G6	17-reports	R10	KEEP-FIX	-	src/lib/reports-query.ts:95-101,103	Denominator is the ACTIVE enrolment count per season as of the request, fetched per season.	reports.ts:154-164 fetches all enrolments with enrolledAt/droppedAt once and builds the historical roster.	plan-15 D-17.3 (L350-374); D-17.11 (L574-616)	-	Same defect as R11 (present-tense denominator on a past session gives >100%); the single fetch is internal.
G6	17-reports	R11	KEEP-FIX	-	src/lib/reports-query.ts:99,103	A session from week one is divided by today's active roster.	reports.ts:199-204 uses the roster as it stood at startsAt.	plan-15 D-17.3 (L350-374)	-	Provably wrong value: past attendance percentages change as students join or leave and can exceed 100% (C5 closing line).
G6	17-reports	R12	KEEP-FIX	-	src/lib/reports-query.ts:104-105	Withdrawn students still count as present while missing from the denominator; pct can exceed 100.	reports.ts:205-207 restricts the numerator to the eligible set.	plan-15 D-17.3 (L350-374)	-	C5: any percentage above 100 is a bug.
G6	17-reports	R13	KEEP-FIX	-	src/lib/reports-query.ts:105	With no active enrolments the point is plotted at 0%.	reports.ts:221 returns null; TrendLine skips the point.	plan-15 D-17.13 (L644-657)	-	Provably wrong value: 0/0 is shown as 0% attendance, a claim nobody attended. Owner may prefer v1's 0 if they value the visual.
G6	17-reports	R15	REVERT	-	src/lib/reports-query.ts:106	Trend labels are \"MMM d\" (month and day, no year).	reports.ts:215 sends an org-zone dayKey; reports.tsx:318 labels it with formatDayKey, which includes the year.	plan-15 Divergence row 21 (L250); D-17.9 last bullet (L531-532)	Label trend points \"MMM d\" without the year (a no-year variant of formatDayKey used at reports.tsx:318,326); keep the org-zone dayKey (C2). D-17.9 to drop \"year added everywhere\".	-
G6	17-reports	R16	KEEP-FIX	REG-117	src/lib/reports-query.ts:102-107; src/components/reports/reports-view.tsx:47-54	The all-season chart draws one line zig-zagging between sessions of different seasons.	apps/mobile/src/components/charts/TrendLine.tsx:34-37,57-67 and reports.tsx:321 draw one line per season.	-	-	Owner ruled REG-117 a defect (karen: FIX BEFORE CUTOVER); a line joining points from different seasons, each on its own roster, is a misleading series. Fixed at HEAD.
G6	17-reports	R17	ALREADY-V1	-	-	Each session's present count is computed from its attendance rows (plus an unused _count).	reports.ts:166-176 fetches PRESENT/LATE rows for the plotted sessions; same per-session count.	plan-15 D-17.11 (L574-616)	-	Query-shape change only; no user-visible difference.
G6	17-reports	R20	KEEP-FIX	-	src/lib/reports-query.ts:124-126	Expected for a targeted assignment = GroupStudent rows in its target groups.	reports.ts:263-269 uses ACTIVE enrolments narrowed by SeasonEnrollment.groupId.	plan-15 Divergence row 4 (L233); D-17.1 (L269-308)	-	C9: GroupStudent is global, not per-season, and must not answer a per-season question.
G6	17-reports	R21	KEEP-FIX	-	prisma/schema.prisma:329; src/lib/reports-query.ts:124-126	The targeted denominator is \"students currently in these groups\", regardless of season or enrolment status.	reports.ts:258-262 uses the per-season enrolment group.	plan-15 Divergence row 4 (L233)	-	C9 (global-group mistake).
G6	17-reports	R22	KEEP-FIX	-	src/lib/reports-query.ts:126,128	A targeted assignment with no targets shows 0% submitted.	reports.ts:284-288 returns expected 0 and completionRate null (\"No students targeted\").	plan-15 D-17.13 (L644-657)	-	Provably wrong value: 0/0 shown as 0% reads as total cohort failure for a misconfigured assignment.
G6	17-reports	R23	KEEP-FIX	-	src/lib/reports-query.ts:119 versus :124-126,128	Submissions from any student are counted against the targeted denominator; the bar can exceed 100%.	reports.ts:270-275 intersects the numerator with the expected set.	plan-15 Divergence row 3 (L232)	-	C5: a percentage above 100 is a bug.
G6	17-reports	R24	ALREADY-V1	-	-	Each assignment's expected count is computed (one query each).	reports.ts:226-250,257-269 resolves the same counts in memory from one enrolment fetch.	plan-15 D-17.11 (L574-616)	-	Query shape only; the values differ only through R20/R21 (C9).
G6	17-reports	R26	KEEP-FIX	-	src/lib/reports-query.ts:110-131; src/lib/season-export.ts:166-174	Three different arithmetics are all called a submission percentage.	reports.ts:277-289 names the bar completionRate; per-student submissionPct comes from domain 9 only; reports.tsx:337 heads the card \"Completion rate\".	plan-15 D-17.1 (L269-308); Divergence row 1 (L230)	-	C5 defines one submission %; v1's three conflicting numbers under one name are a provably inconsistent value. Owner may still want the v1 card title restored.
G6	17-reports	R29	ALREADY-V1	-	-	Each enrolment's engagement score is computed (four sequential queries each).	reports.ts:90-102,293 calls computeEngagementForSeasons once for the scope.	plan-15 D-17.11 (L574-616)	-	Query shape only; scores are domain 9's.
G6	17-reports	R30	REVERT	-	src/lib/reports-query.ts:47-59	Bands from the composite score: High >=80, Medium >=60, Low >=40, At risk <40.	packages/shared/src/reports.ts:53-58 bandFor: AT_RISK first via component-wise isAtRisk, then High >=80, Medium >=60, Low below 60.	plan-15 D-17.2 (L310-348)	bandFor in packages/shared/src/reports.ts:53-58 becomes v1's composite cut: HIGH >=80, MEDIUM >=60, LOW >=40, AT_RISK <40; D-17.2 rewritten (v1's reports banding, not domain 9's isAtRisk).	-
G6	17-reports	R33	REVERT	-	src/lib/reports-query.ts:169-172	At-risk list = composite score <60, ascending, capped at 10, with no total shown.	reports.ts:298,307-308 lists the AT_RISK band, adds atRiskTotal; reports.tsx:263,274-286 shows \"N of M\" and a Show more that pages the full band.	plan-15 D-17.2 (L310-348); Divergence row 18 (L247); Task 8	At-risk list = rows with score <60 sorted ascending, slice(0,10) (reports.ts:298,307); drop atRiskTotal display and the Show more pager (reports.tsx:263,274-286); heading \"Students at risk\".	-
G6	17-reports	R34	ALREADY-V1	-	-	The full per-student list is never shown on the reports screen; it feeds only the CSV export.	apps/backend/src/routes/reports.ts:70-87 summary carries only the capped at-risk list; the full list reaches the user only through the export.	plan-15 D-17.5 (L403-421)	-	What the user sees matches v1. The Show more pager that does expose more rows is covered by R33 (REVERT).
G6	17-reports	R35	KEEP-PLATFORM	REG-116	src/components/reports/reports-view.tsx:86-88; src/app/mentor/reports/page.tsx:25; src/app/admin/season/[code]/reports/page.tsx:38	An at-risk row links to /mentor/students/:id or /admin/students/:id depending on the page.	reports.tsx:33-35 pushes /student/[id], whose API response is role-shaped.	plan-15 Task 8 (L207)	-	v1's per-role URL prefix is a web page-tree artefact; mobile has one student route that renders the role's own view, so tapping a row still opens that student's detail for that role. Owner's REG-116 \"fix after cutover\" covers the other reports-screen rows; flag if they want separate screens.
G6	17-reports	R36	ALREADY-V1	-	-	Row shows the name (email only if name is null, which the schema forbids).	reports.tsx:38-40 shows row.name; User.name is NOT NULL (prisma/schema.prisma:106).	plan-15 D-17.21 (L807-813)	-	v1's fallback can never fire, so both show the name.
G6	17-reports	R37	REVERT	REG-116	src/components/reports/reports-view.tsx:23-31	One empty state only when the trend, the submission rates and the student list are all empty.	reports.tsx:250 shows the empty state when there are no enrolments and no trend points; completion rows are ignored.	plan-15 Task 8; backlog-owner-actions s11 REG-116	Empty-state test at reports.tsx:250 becomes attendanceTrend.length===0 && completion.length===0 && enrollmentCount===0.	-
G6	17-reports	R38	REVERT	REG-45	src/lib/reports-query.ts:177-178; src/app/api/reports/export/route.ts:36-37	Engagement export is a CSV with columns Student, Email, Season, Attendance %, Submission %, Score.	apps/backend/src/lib/exports/engagement-workbook.ts:36-46 writes an XLSX with those columns plus Band; CSV refused (routes/exports.ts:85-93).	plan-15 D-17.7 (L458-472); Divergence row 12 (L241); REG-45 (signed DROP)	Ship the engagement export as text/csv with exactly v1's six columns (no Band), RFC 4180 quoting, CRLF and a UTF-8 BOM (see R40/R41); exportFormatSchema accepts csv; ExportMenu shares a .csv. REG-45 must be re-signed as reverted.	-
G6	17-reports	R39	REVERT	-	src/lib/reports-query.ts:134-141,179-189	One line per ACTIVE enrolment in enrolment-query order (no sort).	engagement-workbook.ts:50 sorts rows by score ascending.	plan-15 Task 6 engagement workbook	Drop the score sort at engagement-workbook.ts:50; emit rows in enrolment fetch order.	-
G6	17-reports	R40	KEEP-FIX	REG-45	src/lib/reports-query.ts:181-183	CSV text cells are quoted with JSON.stringify (\\\" instead of \"\", doubled backslashes).	No CSV; exceljs writes cells.	plan-15 D-17.7 (L458-472)	-	Data corruption: no CSV reader parses JSON escaping, so names with quotes or backslashes are mangled. When CSV returns (R38), quote per RFC 4180.
G6	17-reports	R41	KEEP-FIX	REG-45	src/lib/reports-query.ts:184-189; src/app/api/reports/export/route.ts:36	CSV rows joined with LF and no UTF-8 BOM.	No CSV; XLSX has no encoding issue.	plan-15 D-17.7 (L458-472)	-	Data corruption: without a BOM Excel decodes the file in the system codepage and mangles every non-ASCII (Arabic) name. When CSV returns (R38), write a BOM (CRLF optional).
G6	17-reports	R42	REVERT	-	src/app/api/reports/export/route.ts:37	Filename engagement-<epoch-ms>.csv.	packages/shared/src/reports.ts:326-336 builds engagement-<scope-slug>-<org-day>.xlsx.	plan-15 D-17.16 (L701-715); Divergence row 15 (L244)	exportFilename(\"engagement\", ...) returns `engagement-${Date.now()}.csv` (client and server must agree, so the server's name goes in Content-Disposition and the client reads it or uses the same stamp).	-
G6	17-reports	R44	REVERT	-	src/app/api/reports/export/route.ts:19-22	An explicit season the caller does not administer (non-SUPER/MENTOR) is refused 403.	reports.ts:50-61 silently drops out-of-scope ids and sets truncated; reports.tsx:235-239 shows a scope warning.	plan-15 D-17.4 (L393-397)	In routes/exports.ts engagement export and routes/reports.ts: when an ADMIN passes a seasonId not in seasonAdminIds return 403 forbidden (v1 checks membership only, so no existence oracle); remove truncated warning.	-
G6	17-reports	R48	REVERT	REG-44	src/app/api/reports/export/route.ts:7-39	No rate limit on the engagement export.	routes/exports.ts:48-53 limits exports to 10 per 15 minutes per user (429).	plan-15 D-17.18 (L731-752); Divergence row 25 (L254)	Remove exportLimiter from both export routes (routes/exports.ts:48-53,84,133). The logExport audit line is server-side only and may stay (REG-44).	-
G6	17-reports	R51	REVERT	-	src/lib/super-reports-query.ts:31; src/app/super/reports/page.tsx:70	Headline \"Current students\" = non-deleted STUDENT accounts with no graduation year.	organisation-report.ts:60-70 same population; reports.tsx:125 labels it \"Student accounts\".	plan-15 Divergence row 23 (L252)	Label at reports.tsx:125 back to \"Current students\" (field name can stay).	-
G6	17-reports	R55	ALREADY-V1	-	-	Per-season active/completed/dropped tallies.	apps/backend/src/lib/queries/organisation-report.ts:43-48 tallies the same statuses with groupBy.	plan-15 D-17.11 (L574-616)	-	Same numbers; query shape only.
G6	17-reports	R57	ALREADY-V1	-	-	Alumni counted by graduation year, year descending.	organisation-report.ts:29-33,72 groupBy graduationYear, sorted year descending.	plan-15 D-17.11 (L574-616)	-	Same numbers and order; query shape only.
G6	17-reports	R60	REVERT	-	src/app/super/reports/page.tsx:24-26 versus :128	Students-per-season pie of active counts, omitting seasons with zero active; the table lists all.	reports.tsx:144-160 ranked bars over every season, zero-active included; no table.	plan-15 D-17.20 (L776-805); Task 8 OrganisationSection	Render a pie/donut of active counts per season filtered activeCount>0 (reuse BandDonut-style SVG arcs), plus the per-season table (active/completed/dropped/leaders) listing every season.	-
G6	17-reports	R62	REVERT	-	src/app/super/reports/page.tsx:37	Each season row links to the season page (but by integer id, so the link 404s).	packages/shared/src/reports.ts:254-263 rows carry code; reports.tsx:144-160 shows no season links at all.	plan-15 Divergence row 28 (L257)	Make each season row tappable to /seasons/[code] using the code already on the row. The v1 bug (id instead of code) is fixed, the link itself is restored.	-
G6	17-reports	R63	REVERT	-	src/lib/season-export.ts:101-105,129,157	Workbook has exactly three sheets: Attendance, Grades, Assignments; creator JPC Space.	apps/backend/src/lib/exports/season-workbook.ts:76-80,193-196 adds a fourth Key sheet.	plan-15 D-17.14 (L659-679)	Remove the Key sheet (season-workbook.ts:193-196 and its builder); delete D-17.14.	-
G6	17-reports	R65	REVERT	-	src/lib/season-export.ts:51-66	ACTIVE enrolments sorted by name.localeCompare with the host default collation.	season-workbook.ts:306-314 sorts with a pinned Intl.Collator(\"en\", base).	plan-15 D-17.23 (L829-837)	Sort with a.name.localeCompare(b.name) (no locale, no sensitivity option) at season-workbook.ts:306-314; delete D-17.23.	-
G6	17-reports	R68	REVERT	-	src/lib/season-export.ts:68-77,106	Session columns headed \"<MMM d> · <title>\" with no year.	season-workbook.ts:85,319-321 formats the header day in the org zone with the year.	plan-15 D-17.9 (L512-541); Divergence row 21 (L250)	Header \"MMM d · title\" without the year (season-workbook.ts:319-321); keep the org-zone day (C2).	-
G6	17-reports	R69	KEEP-FIX	REG-59	src/lib/season-export.ts:9-13,117-120	LATE cells print the lateMinutes number (\"L\" only when null).	season-workbook.ts:96-109 prints \"L\" for every LATE cell.	plan-15 D-17.10 (L543-572)	-	C3: lateMinutes measures from a button press, not session start; printing it as minutes late is a wrong value. Returns after the Plan 18 backfill (REG-59).
G6	17-reports	R70	KEEP-FIX	REG-59	src/lib/season-export.ts:9-13	The workbook exports v1's defective lateMinutes raw, per student per session.	season-workbook.ts:101-108 does not select or print it.	plan-15 D-17.10 (L543-572)	-	C3 lateness from a button press.
G6	17-reports	R71	KEEP-FIX	REG-59	src/lib/season-export.ts:9-13	Session columns mix numbers (late minutes) and strings.	season-workbook.ts:96-109 attendance cells are all strings.	plan-15 D-17.10 (L563-566)	-	Consequence of the C3 fix at R69/R70; mixed types return with the number at cutover.
G6	17-reports	R72	KEEP-FIX	-	src/lib/season-export.ts:116-122	Attendance % divides by every past session in the season, including sessions before the student enrolled.	season-workbook.ts:110-115 reads attendancePct from the engagement computation, whose denominator starts at enrolment.	plan-15 D-17.1 (L269-308)	-	Provably wrong value: sessions held before a student enrolled count as absences (domain 9 R55); C4 one derivation.
G6	17-reports	R74	REVERT	-	src/lib/season-export.ts:79-88	Every quiz in the season is a column, unpublished ONLINE quizzes included.	season-workbook.ts:279-285 excludes unpublished ONLINE quizzes.	plan-15 D-17.22 (L815-827); Divergence row 16 (L245)	Remove the publishedAt filter from the quiz query (season-workbook.ts:279-285).	-
G6	17-reports	R77	REVERT	-	src/lib/season-export.ts:143-149	A maxScore=0 quiz still gets a column with its scores but is left out of Average %.	season-workbook.ts:279-285 drops maxScore=0 quizzes entirely.	plan-15 D-17.22 (L815-827)	Remove maxScore>0 from the quiz where (season-workbook.ts:279-285); keep the average skipping maxScore 0 as v1 did.	-
G6	17-reports	R78	REVERT	-	src/lib/season-export.ts:90-98,158,168-173	Every assignment is a column for every student; a non-targeted student shows the em dash like anyone without a submission.	season-workbook.ts:176-181 prints n/a for students the assignment does not target.	plan-15 D-17.15 (L681-699); Divergence row 17 (L246)	Drop the n/a cell (season-workbook.ts:176-181); untargeted students show the same no-submission mark as v1 (see R79). Submitted % stays C5 (R80).	-
G6	17-reports	R79	REVERT	-	src/lib/season-export.ts:15-20,168-173	Status label per submission, em dash \"—\" when none.	season-workbook.ts:16-21,182-185 leaves the cell blank when nothing submitted.	plan-15 D-17.15 (L681-699)	Print \"—\" for no submission (season-workbook.ts:182-185).	-
G6	17-reports	R80	KEEP-FIX	-	src/lib/season-export.ts:21,166-174	Submitted % divides by every assignment in the season, targeting ignored.	season-workbook.ts:166,187 reads submissionPct from engagement (assigned-to-student denominator); header names the denominator.	plan-15 D-17.1 (L269-308)	-	C5: submission % = completed / assignments targeted at that student; v1's denominator counts assignments the student was never given.
G6	17-reports	R81	REVERT	-	src/lib/season-export.ts:46-49	The workbook is built for any season id, soft-deleted seasons included.	season-workbook.ts:289-293 returns null for a soft-deleted season and the route answers 404.	plan-15 Divergence row 11 (L240)	Drop deletedAt:null from the workbook's season lookup (season-workbook.ts:289-293); unknown id still 404 (v1 threw).	-
G6	17-reports	R82	REVERT	-	src/lib/season-export.ts:118,143,170	Blank and em dash both mean \"no row\"; no not-assigned marker.	season-workbook.ts:24,181-185 distinguishes n/a, blank and status.	plan-15 D-17.15 (L681-699)	Same change as R78/R79: no n/a, em dash for no submission, blank for no attendance/grade.	-
G6	17-reports	R83	ALREADY-V1	-	-	The workbook is downloaded as one file.	routes/exports.ts:156-160 streams the same workbook.	plan-15 D-17.17 (L717-729)	-	Memory shape only; the user receives the same file.
G6	17-reports	R84	REVERT	-	src/app/api/season/export/route.ts:29	Filename \"<Season.code>-attendance-grades.xlsx\".	routes/exports.ts:68-80,145-149 + reports.ts:326-336 name it <slugified code>-attendance-grades-<org-day>.xlsx.	plan-15 D-17.16 (L701-715); Divergence row 14 (L243)	exportFilename(\"season-workbook\", code, ...) returns `${code}-attendance-grades.xlsx` (no date, code not slug-mangled); keep the ASCII + RFC 5987 header encoding (not user-visible).	-
G6	17-reports	R85	KEEP-FIX	-	src/app/api/season/export/route.ts:15-22	The endpoint lets SUPER, MENTOR (any season) or the season's admin download the workbook.	apps/backend/src/lib/permissions.ts:692-694 canExportSeasonWorkbook = isAdminOfSeason; MENTOR gets 403.	plan-15 D-17.6 (L423-456); Divergence row 8 (L237)	-	C8: v1's only barrier for MENTOR is an unrendered button (R86, spec D6 #3) while the endpoint returns every quiz score and assignment status. The mentor UI is unchanged (no button either way). Owner can overrule if mentors should have it.
G6	17-reports	R86	ALREADY-V1	-	-	A mentor sees no workbook button.	reports.tsx:244-246 sets canExportWorkbook only for SUPER/ADMIN; apps/mobile/src/components/ExportMenu.tsx:62 hides the button otherwise.	plan-15 D-17.6	-	UI matches v1; the endpoint refusal is R85.
G6	17-reports	R88	REVERT	REG-44	src/app/api/reports/export/route.ts:7-39; src/app/api/season/export/route.ts:10-32	Neither export is rate-limited.	routes/exports.ts:48-53,113-119 rate-limits both per user and logs an audit line.	plan-15 D-17.18 (L731-752)	Remove exportLimiter (same change as R48). /api/v1 path and the server-side audit log line are not user-visible and may stay.	-
G6	17-reports	R89	ALREADY-V1	-	-	Workbook built with a constant number of queries.	season-workbook.ts:62-69,359 still constant in cohort size.	plan-15 D-17.11 (L574-616)	-	Query count only; the percentage changes are R72/R80.
G6	17-reports	R90	ALREADY-V1	-	-	Engagement slices coloured High green, Medium teal, Low amber, At risk red.	apps/mobile/src/lib/report-colors.ts:26-34 maps HIGH success, MEDIUM teal, LOW warning, AT_RISK error.	plan-15 D-17.19 (L754-774)	-	Same colours per band; a token map instead of hex mirror is internal.
G6	17-reports	R91	ALREADY-V1	-	-	Band colours applied by palette index, which happens to give green/teal/amber/red.	report-colors.ts:26-34 keyed by enum, same four colours.	plan-15 D-17.19 (L754-774)	-	Visible colours identical; keying is internal. (Season/alumni pie colours: see R93.)
G6	17-reports	R93	REVERT	-	src/app/super/reports/page.tsx:90-95,111-116; src/components/ui/charts.tsx:193	Seasons pie and alumni-by-year pie coloured by palette index.	reports.tsx:144-168 ranked bars and a plain text list instead of pies.	plan-15 D-17.20 (L776-805)	Render both as pies/donuts (react-native-svg arcs like BandDonut) coloured by the categorical palette in index order (success, teal, warning, error, navy).	-
G6	17-reports	R95	REVERT	-	src/components/ui/charts.tsx:72-80	Charts show a value tooltip (theme-aware) on hover.	report-colors.ts:17-18 / TrendLine.tsx: theme colours, no tooltip of any kind.	plan-15 D-17.19 (L770-774); D-17.20	Add tap-to-show value tooltips on TrendLine points, donut slices and bars (press replaces hover); colours stay theme tokens.	-
G6	17-reports	R97	REVERT	-	src/components/ui/charts.tsx:189-190	Pie slices carry their name as an on-slice label.	reports.tsx:298-305 lists band labels beneath the donut.	plan-15 D-17.20 (L776-805)	Draw slice labels on the donut/pies (name per slice) as v1 did.	-
G6	17-reports	R98	REVERT	-	src/components/ui/charts.tsx:27,54,119,172	Chart cards are 240 px tall.	apps/mobile/src/components/charts/TrendLine.tsx:46 defaults to 160.	plan-15 D-17.20 (L776-805)	Default chart height 240 in TrendLine.tsx:46 and the donut/bar components.	-
G6	17-reports	R100	KEEP-FIX	-	src/lib/reports-query.ts:82; src/lib/season-export.ts:69	\"Past\" is server new Date(), and day labels use the server's zone.	reports.ts:107-111 same instant boundary; day labels and export day use the org zone.	plan-15 D-17.9 (L512-541)	-	C2: day derivations must use the one organisation zone, not the server's incidental zone.
G6	17-reports	R101	KEEP-FIX	-	src/lib/reports-query.ts:106; src/lib/season-export.ts:106	Date labels are formatted on the server in its own zone.	reports.ts:215 sends an org-zone dayKey; the client labels it without conversion.	plan-15 D-17.9 (L512-541)	-	C2 timezone drift between server and users.
G6	17-reports	R102	KEEP-FIX	REG-53	prisma/schema.prisma:363-390,242-278	Days bucketed by the raw instant in the server zone; no timezone anywhere.	apps/backend/src/lib/org-time.ts:177-185 buckets by one configured org timezone.	plan-15 D-17.9 (L512-541); deferral #4	-	C2. Per-season zone deferred (REG-53).
G6	17-reports	R103	REVERT	REG-116	src/app/admin/reports/page.tsx:14-20	An admin opening Reports lands on their newest season's report (by startDate).	reports.tsx:182,233 opens on All seasons with a picker.	plan-15 Task 8 (L6322-6360, L6502); backlog-owner-actions s11 REG-116	For ADMIN, initialise seasonId to the newest administered non-deleted season by startDate (reports.tsx:182) instead of null/all; no All-seasons option for ADMIN.	-
G6	17-reports	R104	REVERT	REG-116	src/app/admin/reports/page.tsx:13,19	An admin with no (live) seasons is sent to their dashboard.	reports.ts:63-70 returns scope \"No seasons\"; reports.tsx:250-254 shows an empty state.	plan-15 Task 8; backlog-owner-actions s11 REG-116	When an ADMIN's resolved scope is empty, router.replace to the admin dashboard tab from reports.tsx instead of the empty state.	-
G6	17-reports	R105	KEEP-FIX	REG-116	src/app/admin/reports/page.tsx:14-20; spec R105 grep	An admin of several seasons can reach only the newest season's report; older seasons are linked from nowhere.	reports.tsx:233 picker lets the admin open any administered season's report.	plan-15 Task 8	-	Unreachable flow: v1's per-season report for any but the newest season is reachable only by typing a URL. Keep an admin season switcher (defaulting to newest, R103) and no picker for MENTOR (R6). Owner ruled REG-116 fix-after-cutover; this one part should not revert.
G6	17-reports	R106	REVERT	-	src/app/mentor/reports/page.tsx:10; src/app/admin/season/[code]/reports/page.tsx:21,24	SUPER cannot open the cross-season engagement report; SUPER sees one season at a time via the per-season page, plus the organisation roll-up.	apps/backend/src/lib/permissions.ts:667-673 gives SUPER scope all; reports.tsx:185,233 shows SUPER the all-seasons engagement view.	plan-15 D-17.6 (L423-456); Divergence row 10 (L239)	reportScopeFor(SUPER) for GET /reports/engagement requires one seasonId (per-season only); reports.tsx for SUPER shows the organisation section plus a single-season engagement view (season chosen per R105). Export route may keep SUPER all-seasons (v1 R45).	-
G7	19-dashboards	R2	KEEP-PLATFORM	REG-01	src/lib/auth/post-login.ts:27-43; src/proxy.ts:27-32	Each role's pages live under a URL prefix gated at the edge; a mismatched prefix redirects to /forbidden.	apps/mobile/app/(app)/dashboard.tsx:32-45 one /dashboard route branched by role; server gates rows.	plan-16 Spec §9 one route (L5); REG-01	-	URL path prefixes and the edge proxy redirect are Next.js web routing; Expo flat routes have no typed URL prefix to gate. Access is still enforced (server row-scope, per-screen role states per REG-01).
G7	19-dashboards	R3	ALREADY-V1	REG-81	-	An alumnus reaching any active-student page is redirected to the alumni dashboard.	apps/mobile/app/(app)/_layout.tsx:110 redirects an alumnus on a student-only segment (src/lib/alumni-guard.ts:15-32) to /dashboard (alumni branch).	-	-	Fixed after the ledger (REG-81): HEAD _layout.tsx:107-110 does exactly v1 role-layout.tsx:25-29.
G7	19-dashboards	R4	KEEP-PLATFORM	REG-60	src/app/admin/layout.tsx; src/app/admin/dashboard/page.tsx:18-31; src/lib/navigation.ts:35-54	SUPER lands on /super/dashboard; /admin/dashboard also admits SUPER (unscoped season) but only by typing the URL; no SUPER nav entry links it.	apps/mobile/app/(app)/dashboard.tsx:33-34 SUPER gets SuperDashboard; backend /me/dashboard still admits SUPER with ?seasonId (spec §7 variant table).	plan-16 Task 7 SuperDashboard (L3640-3670)	-	SUPER's v1 Home is the super dashboard, which v2 renders; the admin page was reachable for SUPER only via a hand-typed browser URL (no link in navigation.ts SUPER sidebar/tabs), which has no mobile equivalent. Backend parity is kept.
G7	19-dashboards	R6	KEEP-FIX	REG-41	src/components/events/upcoming-events-card.tsx:23; src/app/student/calendar/page.tsx:31	ALUMNI_ONLY events are shown to staff only; an alumnus (role STUDENT) never sees an ALUMNI_ONLY event on any surface.	apps/backend/src/lib/queries/events.ts:58-60 adds ALUMNI_ONLY for isAlumnus(user) or non-students.	plan-14 D-15.2 (REG-41)	-	Broken flow: every includeAlumniOnly call site passes role!==\"STUDENT\", so the ALUMNI_ONLY visibility can never reach its named audience anywhere in v1 (spec 15 R44/R45). v2 keeps staff visibility and only adds alumni.
G7	19-dashboards	R10	REVERT	REG-60	src/components/events/upcoming-events-card.tsx:30	When no event qualifies the card renders nothing at all (no heading, no empty state).	apps/mobile/src/components/dashboard/UpcomingEventsCard.tsx:25-26 renders heading + EmptyState \"No upcoming events\".	plan-16 Divergence ledger row 17 (L73); Task 6 UpcomingEventsCard (L2336, L2396); spec 19 D19	Delete ledger row 17's EmptyState clause and the Task 6 \"No upcoming events\" test/impl: UpcomingEventsCard returns null when query.data.events.length === 0 (UpcomingEventsCard.tsx:25-26); loading/error may stay (no v1 equivalent for a client fetch).	-
G7	19-dashboards	R13	REVERT	REG-60	src/app/super/dashboard/page.tsx:16, :30	The tile is labelled \"Students\" (non-deleted STUDENT accounts with no graduationYear).	apps/mobile/src/components/dashboard/SuperDashboard.tsx:39-41 label \"Students (not graduated)\" (same population).	plan-16 Divergence ledger row 19 (L75); Task 7 SuperDashboard (L3016, L3649); spec 19 D20	Delete ledger row 19; label the tile \"Students\" (SuperDashboard.tsx:40) and update the Task 7 test expecting \"Students (not graduated)\". Value stays totalStudentsNotGraduated.	-
G7	19-dashboards	R15	REVERT	REG-60	src/app/super/dashboard/page.tsx:18, :34	\"Upcoming events\" tile = count of every event with date >= now, all visibilities, no upper bound.	apps/mobile/src/components/dashboard/SuperDashboard.tsx:58-64 shows events.total from GET /events?upcoming=true (from org start-of-day on endDate??date, 12-month window) with caption \"From today, next 12 months\".	plan-16 Divergence ledger row 18 (L74); Task 7 SuperDashboard (L3667); spec 19 D19	Delete ledger row 18; serve a separate count jpcEvent.count({ where: { date: { gte: now } } }) (no visibility filter, no upper bound; e.g. an upcomingEventCount field on GET /reports/organisation or /me/dashboard) and render it on the tile with no caption (SuperDashboard.tsx:58-64). The card below keeps its own window.	-
G7	19-dashboards	R16	KEEP-PLATFORM	REG-01	src/app/super/dashboard/page.tsx:30-33	Tiles link to /super/students, /super/students/alumni, /super/seasons, /super/events.	apps/mobile/src/components/dashboard/SuperDashboard.tsx:41,46,53,62 link to /students, /students/alumni, /seasons, /events (same destinations, flat).	plan-16 Task 7 (L3640-3670)	-	Same four destinations; only the web role prefix is gone (REG-01 flat routes). No user-visible difference.
G7	19-dashboards	R18	ALREADY-V1	X8	-	Admin season = latest-startDate ACTIVE non-deleted season within seasonAdminIds, else latest of any status.	apps/mobile/src/hooks/use-seasons.ts:52-58 pickCurrentSeasonId sorts startDate desc, ACTIVE first else latest; list is deletedAt:null and seasonAdminIds-scoped (apps/backend/src/routes/seasons.ts:68-70).	-	-	HEAD implements v1's two-step rule exactly (spec D9 fix applied).
G7	19-dashboards	R20	KEEP-FIX	REG-60	src/app/admin/dashboard/page.tsx:39-41	Admin roster = StudentProfile rows whose activeSeasonId is the season; withdrawn students with a stale pointer stay, enrolled students whose pointer moved drop off.	apps/backend/src/lib/queries/dashboard.ts:117-121,152 cohort = ACTIVE SeasonEnrollment via computeEngagementForSeasons.	plan-16 Divergence ledger row 7 (L63); spec 19 D8	-	C9 (season membership via SeasonEnrollment) + wrong rows: a withdrawn student whose pointer was never cleared is counted and an enrolled student is dropped. Note: the roster list itself returns under R35.
G7	19-dashboards	R21	REVERT	REG-60	src/app/admin/dashboard/page.tsx:43-54, :183-222	\"Next session\" = first session with startsAt >= now; a running session disappears; card shows date, \"N min\", location, a relative badge and \"Watch recording\" when youtubeUrl set.	apps/backend/src/lib/queries/dashboard.ts:33-44 + loadCurrentOrNextSession return the in-progress session first (isInProgress); SeasonStaffDashboard.tsx:62-81 shows \"Happening now\" and no duration/location/badge/recording button.	plan-16 Divergence ledger row 11 (L67); Task 3 loadCurrentOrNextSession (L960-1000); Task 7 SeasonStaff (L2906, L3380); spec 19 D13	Delete ledger row 11; loadCurrentOrNextSession becomes loadNextSession = first session startsAt >= now, startsAt asc (drop isInProgress); staff card renders \"Next session\", day/time, \"{durationMinutes} min\", location, relative \"in X\" badge (device-computed from startsAt per D23) and a \"Watch recording\" link when youtubeUrl is set (SeasonStaffDashboard.tsx:62-81).	-
G7	19-dashboards	R22	REVERT	REG-60	src/app/admin/dashboard/page.tsx:55-56, :156, :171	Hero and progress tile read \"Week N of M\" where N = sessions held, M = all sessions.	apps/mobile/src/components/dashboard/SeasonStaffDashboard.tsx:33-37 reads \"Session N of M\" (or \"No sessions scheduled yet\"); no Progress tile.	plan-16 Divergence ledger row 10 (L66); Task 7 (L3346, L3376); spec 19 D12	Delete ledger row 10; staff hero reads \"{studentCount} students · Week {sessionsHeld} of {sessionsTotal}\" (omit the week part when total = 0) and restore the v1 \"Progress\" tile value \"{pct ?? 0}%\" sublabel \"Week N/M\" (SeasonStaffDashboard.tsx:33-37, :42-59).	-
G7	19-dashboards	R24	REVERT	REG-60	src/app/admin/dashboard/page.tsx:91-96, :270-276	Each roster row shows the student's attendance % = (PRESENT+LATE)/N, or \"—\" when no sessions held.	No per-student attendance on the staff Home except at-risk rows (SeasonStaffDashboard.tsx:97), which use the engagement row's attendancePct (0 when no sessions).	plan-16 Divergence ledger row 2 (L58); spec 19 D3	With the restored roster (R35), each row shows the engagement row's attendancePct, rendered \"—\" when attendanceTotal = 0 (v1's null). Keep the engagement formula (denominator/numerator fixes are R25/R26 KEEP-FIX) so C4 holds.	-
G7	19-dashboards	R25	KEEP-FIX	REG-61	src/app/admin/dashboard/page.tsx:55, :93-96	Denominator = every past session in the season regardless of when the student enrolled.	apps/backend/src/lib/queries/engagement.ts:150-157 counts only sessions since enrolledAt.	plan-16 Divergence ledger row 2 (L58); plan-12 divergence rows 12-14	-	Provably wrong value: a mid-season joiner is charged as absent for sessions held before they were enrolled (C5's never-given-denominator principle; spec 09 R55, REG-61). Reverting would also fork the one engagement formula (C4).
G7	19-dashboards	R26	KEEP-FIX	REG-60	src/app/admin/dashboard/page.tsx:57-60, :93-96	Numerator counts marks on any session, including future ones opened early, so attendance can exceed 100%.	apps/backend/src/lib/queries/engagement.ts:83, :93-98 counts marks only on past sessions.	plan-16 Divergence ledger row 2 (L58)	-	C5: a percentage that can exceed 100 is a bug.
G7	19-dashboards	R27	KEEP-FIX	REG-60	src/app/admin/dashboard/page.tsx:65, :84-89, :97	Per-student \"pending\" = every season assignment minus completed, ignoring targeting.	No pending column; at-risk rows show \"N of M submitted\" from the engagement row (SeasonStaffDashboard.tsx:97).	plan-16 Divergence ledger row 3 (L59); spec 19 D4	-	C5: students are charged for assignments their group was never given. The targeted formula is kept, but the roster column itself must come back with R35: pending = submissionsExpected - submissionsCompleted from the engagement row (server-side).
G7	19-dashboards	R28	REVERT	REG-60	src/app/admin/dashboard/page.tsx:101-102	Roster sorted lowest attendance first, students with no figure last.	No roster on Home (SeasonStaffDashboard.tsx:83-129 shows only the at-risk preview).	plan-16 Divergence ledger row 5 (L61); spec 19 D6; X17	With the roster restored (R35), the server returns rows sorted attendancePct asc with attendanceTotal = 0 rows last.	-
G7	19-dashboards	R29	KEEP-FIX	REG-60	src/app/admin/dashboard/page.tsx:104-109	Season average counts students with no figure as 0, so a season with no held sessions shows \"0%\" in red.	apps/backend/src/lib/queries/dashboard.ts:153 meanAttendancePct over students with attendanceTotal > 0, else null (\"—\").	plan-16 Divergence ledger row 4 (L60); spec 19 D5	-	Provably wrong value: \"0% attendance\" (red tier) is shown when no session has happened yet. The v1 \"—\" path for null is otherwise kept.
G7	19-dashboards	R30	REVERT	REG-60	src/app/admin/dashboard/page.tsx:132-138, :270-276	Ring and per-row attendance are coloured red < 70, amber < 85, green otherwise.	apps/mobile/src/components/dashboard/SeasonStaffDashboard.tsx:38-39 renders the mean neutral; no tiers anywhere.	plan-16 Divergence ledger row 1 (L57); spec 19 D2; roadmap X17 (L87)	Delete the \"70/85 tiers dropped\" half of ledger row 1 and X17's clause; add a shared ATTENDANCE_TIERS (70/85) helper in packages/shared and colour the season-average figure and each roster row's attendance red/amber/green with it (SeasonStaffDashboard.tsx:38-39 and the restored roster).	-
G7	19-dashboards	R31	REVERT	REG-60	src/app/admin/dashboard/page.tsx:364-377	A red callout \"Students below 70% attendance\" lists every roster student with attendance < 70 (shown only when any).	apps/mobile/src/components/dashboard/SeasonStaffDashboard.tsx:84-122 shows an \"At risk\" isAtRisk preview (≤10, \"N of M\") instead.	plan-16 Divergence ledger row 1 (L57); Task 7 (L3003, L3396); spec 19 D2; roadmap X17 (L87)	Replace ledger row 1 and X17: render v1's callout titled \"Students below 70% attendance\" listing the names of all roster students with attendancePct < 70 (attendanceTotal > 0), hidden when none; server returns the list (no client threshold). Remove the at-risk preview card from the admin/leader Home.	-
G7	19-dashboards	R32	KEEP-FIX	REG-60	src/app/admin/dashboard/page.tsx:66-69, :111-115	Quiz pending = grade rows with a score below roster size; grades not filtered to roster, QuizAttempt never read (ONLINE quizzes pending forever), unpublished drafts included.	apps/backend/src/lib/queries/dashboard.ts:132-138,158 + dashboard-figures.ts:93-105 per-kind graded counter over visibleStudentIdsForQuiz; drafts excluded and reported separately.	plan-16 Divergence ledger row 8 (L64); spec 19 D10	-	Provably wrong value: an ONLINE quiz is never counted graded, and a withdrawn student's grade can mark a quiz graded. Partial revert still needed: drafts must count in total/pending as in v1 (quizRollupFrom should not drop isQuizDraft rows; remove the \"drafts not yet published\" line, SeasonStaffDashboard.tsx:131-139).
G7	19-dashboards	R34	ALREADY-V1	REG-60	-	Admin \"Pending review\" counts SUBMITTED and \"Reviewed\" REVIEWED|RETURNED over every submission on live assignments in the season.	apps/backend/src/lib/queries/dashboard.ts:114-131 with permissions.ts:715-716 (ADMIN scope = assignment.seasonId in seasonAdminIds, SUPER {}) gives exactly the season-wide count.	-	-	For ADMIN/SUPER the queue scope reduces to the season, so the counts equal v1's. (Leader narrowing is R40.)
G7	19-dashboards	R35	REVERT	REG-60	src/app/admin/dashboard/page.tsx:225-293	\"All students\" card lists every roster student (name, attendance %, pending) with a \"View all\" link; empty state \"No students enrolled\".	apps/mobile/src/components/dashboard/SeasonStaffDashboard.tsx:83-129 shows only an at-risk preview plus \"View all\".	plan-16 Divergence ledger row 5 (L61); Task 7 (L2915, L3428); spec 19 D6; roadmap X17 (L87)	Delete ledger row 5 and X17's \"no full roster\" clause; /me/dashboard SEASON_STAFF returns the full cohort rows (from computeEngagementForSeasons, constant query count) and SeasonStaffDashboard renders an \"All students\" card: name, attendance % (R24, R30 tiers), pending (R27), row → /student/[id], \"View all\" → /students (leader: /groups), empty \"No students enrolled\" (leader \"No students yet\").	-
G7	19-dashboards	R36	REVERT	REG-60	src/app/admin/dashboard/page.tsx:167, :177, :193, :230, :261, :301, :333	Links: Students → students list, Quizzes → quizzes, next session → session detail, roster row → student detail, Assignments panel \"View all\" → /admin/assignments.	apps/mobile/src/components/dashboard/SeasonStaffDashboard.tsx:52-58 the review counts tile opens /submissions; there is no Assignments panel link to /assignments.	plan-16 Task 7 SeasonStaff (L2913, L3365)	For ADMIN, render v1's \"Assignments\" panel (Pending review / Reviewed) with \"View all\" → /assignments (SeasonStaffDashboard.tsx:52-58); keep /submissions only for LEADER (R43). Add the Quizzes panel \"View all\" → /quizzes. Other links already match.	-
G7	19-dashboards	R37	KEEP-FIX	REG-60	src/app/leader/dashboard/page.tsx:18-34	Leader's groups = token groupLeaderIds fetched with no orderBy and no role pairing.	apps/backend/src/lib/queries/dashboard.ts:99-111 groups from staffScopeForSeason, ordered name asc.	plan-16 Divergence ledger row 6 (L62); spec 19 D7	-	C7 (claim used without the role) and nondeterminism: with no orderBy the \"first\" group, and therefore the season shown (R38), is arbitrary.
G7	19-dashboards	R38	KEEP-FIX	REG-60	src/app/leader/dashboard/page.tsx:36-37	Season = groups[0].seasonId and heading = groups[0].name; a leader of groups in two seasons has other-season students measured against the first season.	apps/mobile/src/components/dashboard/SeasonStaffDashboard.tsx:24-32 + use-seasons.ts:52-58 season from useCurrentSeasonId, heading lists every led group in that season.	plan-16 Divergence ledger row 6 (L62); spec 19 D7	-	Data inconsistency: students of one season are scored against another season's sessions and assignments, and which season wins is arbitrary (R37).
G7	19-dashboards	R39	KEEP-FIX	REG-60	src/app/leader/dashboard/page.tsx:27-39	Students = GroupStudent rows of all led groups, flattened.	apps/backend/src/lib/queries/dashboard.ts:107-110 ACTIVE SeasonEnrollment rows of that season in the led groups.	plan-16 Divergence ledger row 6 (L62)	-	C9: GroupStudent is globally unique and not season-aware.
G7	19-dashboards	R40	KEEP-FIX	REG-60	src/app/leader/dashboard/page.tsx:61-86, :76	Attendance/submissions/grades filtered to those students and the first group's season; totalAssignments counts assignments not targeted at the leader's group.	apps/backend/src/lib/queries/dashboard.ts:114-134 figures over the leader's enrolled cohort and season; targeting via engagement rows.	plan-16 Divergence ledger rows 6, 9 (L62, L65)	-	C5 (untargeted denominator) and C9/R38 (wrong season). Review counts narrowed to the leader's students match what the leader may open (C8).
G7	19-dashboards	R41	REVERT	REG-60	src/app/leader/dashboard/page.tsx:90-134, :145	The leader page applies every admin formula and layout verbatim (Week N of M, tiers, roster, <70 callout, panels), labelled \"Group average attendance\".	apps/mobile/src/components/dashboard/SeasonStaffDashboard.tsx shares v2's admin layout (no roster, no tiers, isAtRisk preview).	plan-16 Divergence ledger rows 1, 5, 10, 11 (L57, L61, L66, L67)	Apply the R21, R22, R24, R28, R30, R31, R35 reverts to the LEADER branch identically; keep the \"Group average attendance\" label (already SeasonStaffDashboard.tsx:39) and v1's leader empty strings (\"Your group\", \"No students yet\").	-
G7	19-dashboards	R43	KEEP-PLATFORM	REG-01	src/app/leader/dashboard/page.tsx:180, :190, :206, :246, :271, :311	Links: /leader/groups, /leader/quizzes, /leader/sessions/:id, /leader/students/:id, /leader/submissions.	apps/mobile/src/components/dashboard/SeasonStaffDashboard.tsx:46,52,57,67,105,126 link /groups, /quizzes, /submissions, /session/[id], /student/[id].	plan-16 Task 7 (L3428)	-	Same destinations; only the web role prefix is gone (REG-01).
G7	19-dashboards	R44	KEEP-PLATFORM	-	src/lib/attendance-actions.ts:78	Only attendance marking revalidates /leader/dashboard; the other dashboards are fresh because they render dynamically on each request.	apps/mobile/src/lib/dashboard-invalidation.ts:11 DASHBOARD_META invalidates queryKeys.dashboard.all after tagged mutations.	plan-16 Task 8 (L3748)	-	revalidatePath and dynamic SSR rendering have no React Query equivalent; cache invalidation is the mobile way to give the same \"always fresh\" result.
G7	19-dashboards	R45	KEEP-FIX	REG-61	src/app/mentor/dashboard/page.tsx:24-41	Mentor cohort = every non-deleted STUDENT with a non-null activeSeasonId, ignoring enrolment status, graduation and season deletion.	apps/backend/src/lib/queries/dashboard.ts:162 / GET /reports/engagement cohort = ACTIVE enrolments in non-deleted seasons of non-graduated students.	plan-16 Divergence ledger row 15 (L71); spec 19 D17	-	Wrong rows: withdrawn students (stale pointer), graduated students and soft-deleted seasons are scored; and C4 (one cohort shared with the Reports tab).
G7	19-dashboards	R46	KEEP-PLATFORM	REG-61	src/app/mentor/dashboard/page.tsx:44-55	Each student scored with computeEngagementForStudent, 4N concurrent queries per render.	apps/backend/src/lib/queries/engagement.ts batched, constant query count (via /reports/engagement).	plan-16 Divergence ledger row 15 (L71)	-	Query strategy only; no user-visible behaviour. Mobile Home refetches on every focus (spec §5), so per-student fan-out is not viable; numbers are unaffected.
G7	19-dashboards	R47	REVERT	REG-61	src/app/mentor/dashboard/page.tsx:17, :57-64	At risk = attendance < 60 or submissions < 60, sorted by score asc, cut to 10, no total shown.	apps/mobile/src/components/dashboard/MentorDashboard.tsx:70-73 shows \"{n} of {atRiskTotal}\" above the list (isAtRisk, score asc, 10).	plan-16 Divergence ledger row 15 (L71); Task 7 Mentor (L3556)	Remove the \"N of M\" caption (MentorDashboard.tsx:70-73) and its test; keep the isAtRisk predicate (same component < 60 rule) and the cap of 10.	-
G7	19-dashboards	R48	REVERT	REG-60	src/app/mentor/dashboard/page.tsx:108	Card titled \"Flagged for follow-up\", with an \"All students\" header link to the students list.	apps/mobile/src/components/dashboard/MentorDashboard.tsx:55-56 titled \"At risk\"; no \"All students\" link.	plan-16 Divergence ledger row 15 (L71); spec 19 D17 item 2	Delete the rename from ledger row 15; title the card \"Flagged for follow-up\" and add the \"All students\" link → /students (MentorDashboard.tsx:55-56).	-
G7	19-dashboards	R49	REVERT	REG-60	src/app/mentor/dashboard/page.tsx:117-120	Empty state: title \"Nobody flagged\", text \"All students above the 60% engagement threshold.\"	apps/mobile/src/components/dashboard/MentorDashboard.tsx:64-68 \"Nobody at risk\" / \"No student has attendance or submissions below 60%.\"	plan-16 Task 7 Mentor (L3550); spec 19 D17 item 3	Use v1's copy: title \"Nobody flagged\", message \"All students above the 60% engagement threshold.\" (MentorDashboard.tsx:65-68).	-
G7	19-dashboards	R50	ALREADY-V1	REG-60	-	Each row shows name ?? email, season title, attendance %, submission %.	apps/mobile/src/components/dashboard/MentorDashboard.tsx:87-89 shows name, seasonTitle, attendancePct, submissionPct.	-	-	Same four fields; User.name is non-null in the schema so v1's ?? email fallback never fires.
G7	19-dashboards	R51	REVERT	REG-60	src/app/mentor/dashboard/page.tsx:67-78	Recent attendance = 8 newest Attendance rows by markedAt across every STUDENT, graduated or not.	apps/backend/src/lib/queries/dashboard.ts:163, :174-186 excludes graduated students (graduationYear: null) and deleted students/seasons.	plan-16 Divergence ledger row 16 (L72); Task 4 (L1618); Open decision 2 (L3939)	Drop graduationYear: null from FEED_STUDENT (dashboard.ts:163) and close Open decision 2 as \"v1: graduated students included\". Keep the deletedAt filters (soft-deleted rows are not live data).	-
G7	19-dashboards	R52	REVERT	REG-60	src/app/mentor/dashboard/page.tsx:79-91	Recent submissions = 8 newest SUBMITTED|REVIEWED rows by submittedAt (RETURNED excluded).	apps/backend/src/lib/queries/dashboard.ts:187-204 includes RETURNED and adds a separate reviewedAt query.	plan-16 Divergence ledger row 16 (L72); Task 4 (L1618)	One query: status in [SUBMITTED, REVIEWED], submittedAt desc, take 8 (dashboard.ts:187-222, drop RETURNED and the reviewedRows query); keep the soft-delete filters.	-
G7	19-dashboards	R53	REVERT	REG-60	src/app/mentor/dashboard/page.tsx:161-210	Activity card shows the 4 newest attendance marks, then the 4 newest submissions, as two blocks.	apps/backend/src/lib/dashboard-figures.ts:123-127 mergeActivity: one time-ordered list of 8.	plan-16 Divergence ledger row 16 (L72); Task 2 mergeActivity (L401-523); spec 19 D18	Replace mergeActivity with two lists (attendance[≤4], submissions[≤4]) on mentorDashboardSchema; MentorDashboard renders the attendance block then the submissions block (MentorDashboard.tsx:97-124).	-
G7	19-dashboards	R54	REVERT	REG-60	src/app/mentor/dashboard/page.tsx:195, :204-207	A REVIEWED submission row reads \"received feedback on …\" and shows and sorts by submittedAt; one row per submission.	apps/backend/src/lib/queries/dashboard.ts:205-222, :252-270 emits a separate \"reviewed\" item at reviewedAt.	plan-16 Divergence ledger row 16 (L72); spec 19 D18	One row per submission, label by status (REVIEWED → \"received feedback on\", SUBMITTED → \"submitted\"), time and order = submittedAt.	-
G7	19-dashboards	R55	KEEP-FIX	REG-60	src/app/mentor/dashboard/page.tsx:198; src/lib/auth/post-login.ts:27-43	Every submission row links to /leader/submissions/:publicId, which the edge gate sends a mentor to /forbidden.	apps/mobile/src/components/dashboard/MentorDashboard.tsx:37-47 opens /submission/[publicId].	plan-16 Divergence ledger row 16 (L72)	-	Broken flow: every link lands on /forbidden although the target page admits MENTOR.
G7	19-dashboards	R56	ALREADY-V1	REG-60	-	Empty activity state reads \"No recent activity.\"; the two reads are sequential.	apps/mobile/src/components/dashboard/MentorDashboard.tsx:106-107 \"No recent activity.\"; queries run in parallel (no visible difference).	-	-	Same empty copy; await order is invisible. Block layout is covered by R53.
G7	19-dashboards	R57	REVERT	REG-01	src/app/mentor/dashboard/page.tsx:221-226	A quick-links card links to Students, Notes, Reports and Settings.	apps/mobile/src/components/dashboard/MentorDashboard.tsx:126 no quick links (\"they are tabs\").	plan-16 Task 7 Mentor (L3602); spec 19 §9	Add a quick-links card to MentorDashboard (Students → /students, Notes → /notes, Reports → /reports, Settings → /settings) at MentorDashboard.tsx:126.	-
G7	19-dashboards	R59	REVERT	REG-60	src/app/alumni/dashboard/page.tsx:21, :33; src/app/student/dashboard/page.tsx:88, :93-95	Alumni: first token of trimmed name, \"there\" only when name is null. Student: \"Hi, {name.split(' ')[0]} 👋\".	apps/mobile/src/lib/format.ts:93-100 firstName falls back to \"there\" on empty too; StudentDashboard.tsx:63 greets \"Welcome back, …\".	plan-16 Divergence ledger row 20 (L76); Task 5 firstName (L1919-1963); spec 19 D21	Delete ledger row 20's formatter clause: alumni greeting uses trim().split(/\\s+/)[0] with \"there\" only on null; student greeting text back to \"Hi, {firstName} 👋\" with split(\" \")[0] (StudentDashboard.tsx:63, format.ts firstName).	-
G7	19-dashboards	R62	KEEP-FIX	REG-60	src/app/student/dashboard/page.tsx:23-38	Figures use the token's activeSeasonId while the title comes from the DB pointer, so a changed pointer shows one season's title over another's figures.	apps/backend/src/lib/queries/dashboard.ts:54-66 title and figures both from user.activeSeasonId.	plan-16 spec 19 D22	-	Provably wrong/inconsistent display: title and numbers can belong to different seasons.
G7	19-dashboards	R64	REVERT	REG-60	src/app/student/dashboard/page.tsx:42-53, :200-243	Student next session = first startsAt >= now; card shows date, \"N min\", location, relative badge.	apps/backend/src/lib/queries/dashboard.ts:70,78 loadCurrentOrNextSession returns the running session first; StudentDashboard.tsx:146-170 \"Happening now\", no duration or badge.	plan-16 Divergence ledger row 11 (L67); Task 7 Student (L3209); spec 19 D13	Same server change as R21 (next = startsAt >= now); card adds \"{durationMinutes} min\" and the device-computed relative badge; label \"Next session\" (StudentDashboard.tsx:146-170).	-
G7	19-dashboards	R65	KEEP-FIX	REG-60	src/app/student/dashboard/page.tsx:54; src/lib/assignments-query.ts:197-241	Assignments resolved through GroupStudent targeting, submissions[0]; missing row = PENDING.	apps/backend/src/lib/queries/dashboard.ts:71 listAssignmentStatesForStudent targets via SeasonEnrollment; missing submission = PENDING.	plan-16 Divergence ledger row 13 (L69)	-	C9: GroupStudent is global, so a student's season targeting can be wrong. Missing-row = PENDING is unchanged.
G7	19-dashboards	R67	REVERT	REG-60	src/app/student/dashboard/page.tsx:98-101	Subtitle: \"N assignment(s) need(s) your attention.\" else \"You're all caught up this week.\"	apps/mobile/src/components/dashboard/StudentDashboard.tsx:22-29 \"…your attention\" / \"You're all caught up\" (no \"this week\", no period).	plan-16 Divergence ledger row 21 (L77); Task 7 (L3087-3090)	Delete ledger row 21; restore v1 strings incl. trailing periods: \"… your attention.\" and \"You're all caught up this week.\" (StudentDashboard.tsx:26-28).	-
G7	19-dashboards	R68	REVERT	REG-60	src/app/student/dashboard/page.tsx:69-72, :83-84, :132-159	Progress ring \"{pct}% done\" with \"Week N of M · K weeks to go\" or \"· complete\".	apps/mobile/src/components/dashboard/StudentDashboard.tsx:84-96 \"Session N of M · K sessions to go\", no percentage.	plan-16 Divergence ledger row 10 (L66); Task 7 Student (L3149-3203)	Delete ledger row 10; render \"{pct ?? 0}% done\" and \"Week N of M · K week(s) to go\" / \"· complete\" (StudentDashboard.tsx:84-96).	-
G7	19-dashboards	R69	REVERT	REG-60	src/app/student/dashboard/page.tsx:85-87, :163-168	Tile labelled \"Absence budget\", value max(0, round(100 − budgetPct))% or \"—\", sublabel \"this season\", links to attendance.	apps/mobile/src/components/dashboard/StudentDashboard.tsx:106-111 same value (remainingPct) labelled \"Absence budget left\".	plan-16 Divergence ledger row 12 (L68); Task 7 (L2799-2860, L3162); spec 19 D14	Keep remainingPct (server-side value, C4) but label the tile \"Absence budget\" (StudentDashboard.tsx:107) and update the tests.	-
G7	19-dashboards	R71	REVERT	REG-60	src/app/student/dashboard/page.tsx:182-188	Tile \"Assignments\", value = pending count, sublabel \"pending\", highlighted when > 0, links to assignments.	apps/mobile/src/components/dashboard/StudentDashboard.tsx:120-129 tile \"To do\" with caption \"{overdue} overdue\".	plan-16 Task 7 Student (L3178)	Label \"Assignments\", caption \"pending\", drop the overdue caption (StudentDashboard.tsx:122-125); count stays outstandingCount (PENDING|DRAFT, = v1).	-
G7	19-dashboards	R72	REVERT	REG-60	src/app/student/dashboard/page.tsx:57-68, :79-81, :190-197	Banner \"{n} assignment(s) submitted late this season\" counting every turned-in submission on any live season assignment with submittedAt > dueAt (not targeting-scoped).	apps/backend/src/lib/dashboard-figures.ts:65 counts targeted rows only; StudentDashboard.tsx:132-142 reads \"You submitted N assignments late this season.\"	plan-16 Divergence ledger row 14 (L70); Task 7 (L2802, L3190); spec 19 D16	Banner text back to \"{n} assignment{s} submitted late this season\" (StudentDashboard.tsx:135-140); lateSubmittedCount counts the student's turned-in submissions on all live season assignments using the exported isLate (not only targeted rows).	-
G7	19-dashboards	R73	REVERT	REG-60	src/app/student/dashboard/page.tsx:249-288	\"Due soon\": first 3 pending by dueAt, overdue included; overdue badge \"Due MMM d\" (red), others \"Due in {relative}\" (amber), no badge without dueAt; \"See all\" → assignments.	apps/mobile/src/components/dashboard/StudentDashboard.tsx:30-34, :180-202 labels \"Overdue · was due {day}\" / \"Due {day}\" / \"No due date\"; no \"See all\".	plan-16 Task 7 Student (L2805, L3095); Open decision 4 (L3940)	Close Open decision 4 as v1: overdue → \"Due {formatDayKey(dueOrgDay)}\", otherwise \"Due in {relative from dueAt}\" (device-computed, D23), no label when dueAt null; add \"See all\" → /assignments (StudentDashboard.tsx:30-34, :180-202).	-
G7	19-dashboards	R74	REVERT	REG-60	src/app/student/dashboard/page.tsx:200-243	Next-session card shows \"Watch recording\" whenever the session has a youtubeUrl (future sessions included).	apps/mobile/src/components/dashboard/StudentDashboard.tsx:170-177 \"Join stream\" only while isInProgress.	plan-16 Divergence ledger row 11 (L67); Task 7 (L2809, L3224); spec 19 D13	Render \"Watch recording\" whenever nextSession.youtubeUrl is set (StudentDashboard.tsx:170-177); drop isInProgress.	-
G7	19-dashboards	R75	KEEP-FIX	-	src/app/admin/dashboard/page.tsx:199, :204; src/app/student/dashboard/page.tsx:216, :221, :280; src/components/events/upcoming-events-card.tsx:20	Comparisons use the server clock; labels are formatted in the server's zone.	apps/mobile/src/lib/format.ts:85-100 formats server-sent org dayKey/time; comparisons server-side; relative labels on device.	plan-16 Global Constraints (L41); spec 19 D23	-	C2: on phones, device/server zones drift between users; one org timezone is the ruling.
